AGE,GP,W,L,W_PCT,MIN,FGM,FGA,FG_PCT,FG3M,FG3A,FG3_PCT,FTM,FTA,FT_PCT,OREB,DREB,REB,AST,TOV,STL,BLK,BLKA,PF,PFD,PTS,PLUS_MINUS,NBA_FANTASY_PTS,DD2,TD3,WNBA_FANTASY_PTS,GP_RANK,W_RANK,L_RANK,W_PCT_RANK,MIN_RANK,FGM_RANK,FGA_RANK,FG_PCT_RANK,FG3M_RANK,FG3A_RANK,FG3_PCT_RANK,FTM_RANK,FTA_RANK,FT_PCT_RANK,OREB_RANK,DREB_RANK,REB_RANK,AST_RANK,TOV_RANK,STL_RANK,BLK_RANK,BLKA_RANK,PF_RANK,PFD_RANK,PTS_RANK,PLUS_MINUS_RANK,NBA_FANTASY_PTS_RANK,DD2_RANK,TD3_RANK,WNBA_FANTASY_PTS_RANK
24.0,46,11,35,0.239,34.4,7.8,18.2,0.43,3.4,8.8,0.385,3.5,3.9,0.916,0.5,3.2,3.6,5.5,2.7,0.5,0.1,1.1,2.1,2.8,22.6,-7.2,34.3,3,0,36.4,315,392,105,495,29,37,22,375,6,6,136,45,54,41,364,165,215,35,25,314,450,20,125,74,30,557,59,135,38,47
20.0,10,1,9,0.1,6.5,0.8,2.4,0.333,0.1,0.8,0.125,0.6,0.7,0.857,0.6,0.3,0.9,0.7,0.4,0.3,0.0,0.0,0.2,0.4,2.3,0.5,4.9,0,0,4.6,493,538,444,554,499,494,469,521,466,438,484,350,380,98,298,544,510,433,437,418,520,525,548,455,484,205,502,257,38,503
27.0,51,24,27,0.471,16.8,2.4,4.8,0.504,0.5,1.8,0.298,1.1,1.3,0.906,0.8,3.0,3.8,0.9,1.0,0.8,0.3,0.3,1.4,1.0,6.5,-2.1,14.9,1,0,14.1,284,257,213,342,302,287,307,135,327,316,377,200,247,47,228,175,199,386,208,145,271,292,308,285,282,413,283,190,38,283
27.0,79,46,33,0.582,29.6,4.1,9.1,0.443,2.8,6.9,0.413,0.3,0.4,0.714,0.5,3.2,3.7,1.4,0.7,0.7,0.1,0.3,2.0,0.5,11.3,3.7,19.6,1,0,20.8,30,52,128,203,105,160,143,317,23,31,59,446,452,369,340,166,209,274,305,186,441,270,154,416,150,57,207,190,38,182
23.0,17,1,16,0.059,21.6,2.1,4.2,0.507,0.7,1.9,0.375,1.0,1.5,0.68,1.1,2.5,3.5,0.9,0.5,0.4,0.3,0.3,1.4,1.1,5.9,-7.5,13.0,0,0,12.4,453,538,375,558,226,317,337,131,293,312,168,231,203,410,157,247,225,380,375,391,283,306,321,255,301,560,323,257,38,319
25.0,82,47,35,0.573,32.1,5.6,11.5,0.486,1.9,5.1,0.367,2.8,3.3,0.853,0.7,3.6,4.3,5.5,2.1,0.8,0.3,0.6,1.9,3.0,15.9,-0.5,30.4,9,1,29.7,2,45,105,222,73,92,101,179,90,86,205,63,72,111,268,127,157,37,56,163,279,137,180,64,84,295,83,64,16,82
32.0,26,10,16,0.385,11.4,0.9,2.5,0.359,0.5,1.6,0.31,0.2,0.3,0.571,0.2,0.9,1.2,1.6,0.5,0.2,0.1,0.1,1.0,0.3,2.4,-0.5,6.6,0,0,6.2,406,403,375,400,412,481,464,503,339,338,359,494,487,479,485,470,485,232,408,499,439,497,433,479,477,292,471,257,38,467
22.0,19,7,12,0.368,26.8,5.2,7.9,0.649,0.0,0.0,0.0,2.4,3.4,0.719,4.0,5.7,9.7,1.2,0.9,0.8,1.1,0.9,2.6,2.8,12.7,-1.1,30.9,8,0,27.4,446,440,422,412,154,105,179,24,498,541,498,87,69,364,3,39,16,323,241,146,33,46,49,73,126,341,81,73,38,104
24.0,3,3,0,1.0,7.6,1.3,2.0,0.667,1.0,1.7,0.6,0.0,0.0,0.0,0.0,0.3,0.3,0.3,0.3,0.7,0.0,0.0,0.3,0.0,3.7,2.7,6.2,0,0,6.7,549,489,560,1,480,422,490,12,221,334,7,531,538,531,545,537,549,514,452,223,520,525,522,547,416,96,477,257,38,456
22.0,43,19,24,0.442,27.3,3.7,8.3,0.443,1.4,3.4,0.399,1.2,1.5,0.788,1.1,2.8,3.9,1.5,1.3,0.9,0.8,0.7,2.0,1.2,10.0,-0.3,20.7,0,0,20.1,330,307,263,365,140,179,165,318,154,175,95,187,191,242,155,211,191,248,150,104,76,114,151,233,184,282,189,257,38,189
31.0,82,46,36,0.561,29.0,4.2,8.9,0.474,1.8,4.7,0.387,1.9,2.4,0.801,0.8,2.2,3.0,1.2,0.7,0.7,0.1,0.3,1.2,2.0,12.2,-1.0,19.4,0,0,19.9,2,52,99,248,115,153,148,209,95,107,132,117,121,210,224,285,280,314,300,228,399,277,357,124,135,333,213,257,38,193
35.0,49,15,34,0.306,12.8,1.7,3.9,0.437,0.6,1.9,0.323,1.7,2.0,0.857,0.4,1.8,2.2,1.1,0.5,0.3,0.1,0.2,1.0,1.7,5.7,-2.0,10.8,0,0,10.5,302,347,113,450,379,362,363,344,316,309,340,138,154,98,400,334,354,331,403,423,429,436,408,159,309,405,365,257,38,360
23.0,57,32,25,0.561,26.4,3.1,6.6,0.479,1.3,3.3,0.385,0.7,1.0,0.684,0.7,2.5,3.2,2.3,1.1,0.8,0.2,0.5,1.9,1.3,8.2,-1.8,17.4,0,0,17.0,241,183,242,246,158,222,224,201,172,186,137,324,298,404,263,243,254,175,201,157,386,164,176,204,221,390,234,257,38,226
23.0,51,32,19,0.627,20.1,2.4,6.4,0.372,1.6,4.7,0.338,0.7,0.9,0.756,0.3,1.7,2.0,1.3,0.5,0.7,0.1,0.3,1.5,0.7,7.0,-0.8,13.3,0,0,13.5,284,183,337,125,244,289,232,489,126,106,290,326,333,297,450,349,390,290,369,216,412,306,285,372,255,315,319,257,38,295
25.0,23,1,22,0.043,20.4,1.7,5.0,0.345,1.0,3.3,0.286,0.5,0.8,0.667,0.7,1.4,2.1,1.1,0.7,0.6,0.2,0.3,1.9,0.7,5.0,-8.7,10.7,0,0,10.7,420,538,302,559,240,356,288,516,235,184,402,374,356,424,289,392,370,341,302,278,345,265,179,381,348,568,367,257,38,356
26.0,58,35,23,0.603,15.8,2.5,4.9,0.51,0.7,1.9,0.375,1.0,1.4,0.72,1.3,3.2,4.5,0.5,0.5,0.7,1.2,0.3,1.1,1.2,6.8,3.1,18.3,0,0,16.4,232,155,292,165,322,275,297,125,287,302,168,226,217,362,123,159,138,472,404,191,21,323,389,236,273,73,227,257,38,240
22.0,77,14,63,0.182,28.8,5.4,12.6,0.429,1.6,4.8,0.336,2.9,3.9,0.749,1.1,2.3,3.4,3.8,2.5,0.7,0.5,1.1,2.6,2.9,15.4,-4.5,26.6,2,0,26.8,54,361,2,523,117,99,82,378,121,104,297,61,52,327,146,267,232,89,39,193,154,19,46,65,92,515,126,157,38,111
26.0,57,26,31,0.456,29.5,5.3,11.6,0.459,2.1,5.3,0.385,2.9,3.4,0.847,0.5,3.4,3.9,1.5,1.5,0.7,0.3,0.5,2.6,3.4,15.6,-0.9,24.1,3,0,25.1,241,241,149,353,107,103,96,264,73,77,138,62,64,121,330,153,187,250,124,208,296,170,56,50,88,326,149,135,38,131
26.0,3,3,0,1.0,2.5,0.7,1.7,0.4,0.0,0.7,0.0,0.7,0.7,1.0,0.0,0.0,0.0,0.0,0.3,0.0,0.0,0.0,0.3,0.3,2.0,-3.3,1.7,0,0,2.0,549,489,560,1,564,503,511,442,498,449,498,326,391,1,545,557,561,553,452,539,520,525,522,469,498,480,556,257,38,553
25.0,78,55,23,0.705,15.7,2.7,4.8,0.562,0.8,1.6,0.492,0.7,0.9,0.789,0.8,1.6,2.4,1.1,0.7,0.7,0.2,0.4,1.2,0.8,6.9,1.2,13.6,0,0,13.2,43,14,292,50,323,246,305,71,265,338,15,312,324,241,238,358,333,334,295,202,325,210,369,349,259,157,312,257,38,306
27.0,6,2,4,0.333,22.4,5.5,9.8,0.559,0.2,1.0,0.167,0.2,1.2,0.143,2.2,3.2,5.3,1.5,0.5,0.8,1.0,0.8,1.3,1.3,11.3,-1.3,25.0,0,0,22.0,525,511,510,432,215,93,129,72,440,410,473,492,268,530,42,164,93,253,385,150,39,61,327,204,149,358,141,257,38,164
26.0,50,12,38,0.24,10.8,1.3,3.8,0.344,0.2,1.4,0.169,0.5,0.7,0.73,0.4,1.2,1.6,0.7,0.6,0.4,0.1,0.4,1.0,0.5,3.4,-3.2,7.3,0,0,6.9,291,384,77,493,430,427,369,517,421,368,472,368,362,350,421,427,431,423,344,375,432,256,404,409,431,478,452,257,38,449
27.0,17,9,8,0.529,6.4,0.9,1.8,0.5,0.8,1.6,0.481,0.0,0.0,0.0,0.2,0.8,0.9,0.6,0.1,0.1,0.0,0.0,0.4,0.1,2.5,-0.9,4.8,0,0,5.1,453,412,456,287,501,483,504,139,276,343,17,531,538,531,506,495,505,458,539,511,520,525,521,539,470,330,506,257,38,499
26.0,79,62,17,0.785,22.0,3.2,7.1,0.446,2.5,5.9,0.424,0.2,0.2,0.895,0.6,2.9,3.5,1.0,0.4,0.5,0.3,0.1,1.3,0.3,9.0,6.2,16.8,0,0,17.7,30,2,359,21,222,219,205,304,39,57,40,478,494,54,316,187,229,357,436,313,269,453,344,488,203,12,246,257,38,218
22.0,22,7,15,0.318,32.3,8.3,19.2,0.433,3.2,9.0,0.355,4.1,4.7,0.865,1.3,3.8,5.1,8.0,3.8,1.8,0.2,0.6,3.6,4.1,23.9,-6.3,44.3,7,1,44.2,427,440,390,447,69,29,12,363,11,5,245,33,39,86,111,106,107,10,4,5,367,119,2,36,23,546,17,84,16,15
21.0,63,29,34,0.46,32.5,8.4,15.6,0.537,0.5,1.8,0.297,3.9,5.6,0.693,2.9,6.4,9.3,5.0,2.6,1.2,0.7,1.2,3.3,5.2,21.1,0.8,43.0,29,2,39.8,191,213,113,351,66,28,50,92,334,323,379,36,24,396,14,23,18,57,33,40,85,15,4,15,41,183,21,19,10,30
26.0,38,22,16,0.579,11.6,2.3,3.9,0.577,0.1,0.6,0.182,1.1,1.2,0.872,1.1,2.7,3.7,0.6,0.6,0.3,0.4,0.3,1.2,0.9,5.7,0.3,12.6,2,0,11.5,361,276,375,210,405,302,358,58,463,460,470,214,256,76,158,226,205,452,368,440,209,330,354,312,310,227,332,157,38,340
30.0,66,25,41,0.379,18.9,2.2,4.7,0.47,0.6,1.7,0.369,0.3,0.5,0.688,0.8,2.1,2.9,3.8,1.2,1.0,0.4,0.3,2.0,0.5,5.4,0.2,17.8,1,0,15.7,170,247,59,405,263,307,310,223,312,333,199,434,431,401,244,299,295,88,181,71,205,310,147,417,323,233,228,190,38,249
26.0,16,3,13,0.188,11.6,1.2,2.5,0.475,0.6,1.3,0.429,0.4,0.5,0.75,0.6,2.1,2.7,0.4,0.3,0.3,0.4,0.1,0.9,0.5,3.3,-1.8,8.7,0,0,8.2,461,489,412,517,404,446,458,205,323,377,34,415,422,307,293,301,313,507,465,446,230,507,444,417,436,388,415,257,38,414
27.0,78,39,39,0.5,16.3,2.4,5.3,0.446,1.1,2.8,0.387,0.7,0.8,0.921,0.3,1.3,1.6,1.8,0.7,0.5,0.1,0.3,1.6,0.8,6.6,1.1,12.3,0,0,12.3,43,117,73,300,312,290,279,305,210,229,129,299,352,37,449,413,432,215,307,293,483,337,250,325,278,164,338,257,38,327
21.0,62,30,32,0.484,22.4,3.9,7.2,0.536,0.1,0.9,0.138,1.7,2.5,0.684,2.4,4.2,6.6,2.6,1.5,1.3,0.6,0.6,2.3,2.1,9.5,0.7,25.6,13,1,22.6,200,201,137,331,214,173,203,94,452,426,482,139,114,407,31,86,59,150,125,30,121,128,93,118,193,186,137,51,16,157
30.0,82,48,34,0.585,22.3,3.5,7.7,0.449,1.8,4.8,0.376,0.6,0.7,0.85,0.3,3.1,3.4,1.2,0.9,0.4,0.2,0.2,2.3,0.7,9.4,0.4,16.1,0,0,16.9,2,36,113,199,216,200,187,296,95,103,162,346,368,114,463,168,239,318,249,380,343,399,84,371,196,218,260,257,38,228
29.0,78,46,32,0.59,16.7,2.7,6.2,0.432,1.3,3.4,0.39,0.7,0.9,0.866,0.3,1.2,1.5,2.6,0.8,0.5,0.1,0.3,1.6,0.8,7.4,-0.1,14.3,1,0,14.2,43,52,137,189,305,252,241,365,159,177,123,299,339,85,461,423,440,151,258,293,408,297,246,341,242,265,292,190,38,278
27.0,6,5,1,0.833,4.1,0.7,1.0,0.667,0.0,0.2,0.0,0.7,1.0,0.667,0.2,0.5,0.7,0.3,0.2,0.2,0.2,0.0,0.3,0.5,2.0,0.5,4.1,0,0,3.7,525,466,546,16,534,503,542,12,498,507,498,326,298,424,508,519,527,514,524,489,381,525,522,417,498,205,515,257,38,516
20.0,32,8,24,0.25,33.1,5.5,13.6,0.406,1.9,5.6,0.333,3.1,3.7,0.824,1.3,3.7,5.0,2.9,2.3,0.9,0.4,1.0,2.8,3.6,15.9,-7.7,27.8,1,0,28.3,385,423,263,474,54,93,71,431,91,69,302,57,58,165,112,119,117,129,50,139,230,29,37,46,83,562,113,190,38,95
24.0,25,5,20,0.2,23.0,3.0,5.4,0.551,0.0,0.0,0.0,0.8,1.0,0.84,2.6,2.8,5.4,1.1,1.4,0.5,1.1,0.6,2.8,1.2,6.8,-4.4,18.3,1,0,16.5,411,466,321,510,208,226,272,84,498,541,498,265,298,124,28,209,92,343,143,331,27,118,36,244,268,512,225,190,38,239
29.0,72,17,55,0.236,17.6,2.6,5.3,0.479,1.2,3.1,0.389,0.5,0.7,0.673,0.3,2.2,2.5,1.7,0.7,0.5,0.2,0.3,1.5,1.0,6.8,-4.9,13.6,0,0,13.4,108,331,11,497,281,270,280,200,188,207,124,384,371,421,428,294,326,228,322,314,391,342,275,284,272,523,313,257,38,300
32.0,47,16,31,0.34,15.8,1.6,4.0,0.394,0.5,1.4,0.368,0.8,1.0,0.822,0.4,1.4,1.8,2.5,0.3,1.1,0.2,0.2,0.7,0.9,4.5,0.3,14.3,0,0,12.1,312,343,149,429,321,382,352,460,331,361,204,281,318,169,402,393,405,157,471,51,330,361,469,300,366,229,293,257,38,329
27.0,46,6,40,0.13,15.8,2.6,6.0,0.431,1.2,3.4,0.338,0.8,1.0,0.826,0.3,1.0,1.3,1.2,0.7,0.5,0.2,0.5,1.7,1.0,7.1,-3.2,12.1,0,0,12.3,315,458,67,548,320,269,251,371,196,178,289,270,298,158,427,449,463,321,323,288,345,193,238,287,251,477,343,257,38,324
24.0,19,2,17,0.105,7.9,1.5,3.4,0.453,0.6,1.5,0.379,0.3,0.5,0.556,0.5,0.8,1.4,0.8,0.4,0.2,0.1,0.1,0.7,0.7,3.9,1.4,7.0,0,0,7.1,446,511,359,553,477,391,405,282,318,350,156,461,437,483,335,485,462,397,427,497,504,479,458,367,409,148,461,257,38,446
24.0,19,3,16,0.158,16.6,1.5,3.7,0.408,0.4,1.3,0.32,0.7,0.9,0.824,0.7,1.6,2.4,2.8,1.6,0.6,0.5,0.5,2.1,1.0,4.2,-0.2,12.9,0,0,11.9,446,489,375,536,310,391,370,428,369,376,344,302,330,165,251,355,336,136,106,268,182,188,134,275,387,270,325,257,38,332
26.0,2,1,1,0.5,7.4,1.0,2.0,0.5,0.0,0.5,0.0,0.0,0.0,0.0,0.5,0.0,0.5,1.5,0.5,0.0,0.0,0.0,1.0,0.0,2.0,-7.0,4.4,0,0,4.0,555,538,546,300,485,460,490,139,498,463,498,531,538,531,346,557,538,253,385,539,520,525,409,547,498,554,510,257,38,511
25.0,64,37,27,0.578,24.4,3.9,8.8,0.443,1.9,5.3,0.361,0.6,0.7,0.766,0.6,2.9,3.5,2.6,0.8,0.7,0.4,0.2,2.1,0.7,10.2,1.2,20.7,2,0,20.4,185,139,213,214,193,170,151,320,84,79,223,361,367,278,302,190,228,154,264,206,242,360,132,359,175,159,188,157,38,186
22.0,79,54,25,0.684,35.1,9.1,19.7,0.461,2.4,6.7,0.357,5.4,6.4,0.836,0.7,4.8,5.4,5.1,3.1,1.3,0.5,0.7,1.8,4.3,25.9,5.5,42.5,9,0,42.5,30,18,242,67,22,15,8,252,45,39,238,14,17,131,288,64,87,47,16,28,155,96,197,31,14,21,23,64,38,20
22.0,9,3,6,0.333,7.3,1.6,3.0,0.519,0.0,0.0,0.0,0.9,1.3,0.667,2.1,1.9,4.0,0.0,0.6,0.1,0.0,0.2,0.6,0.8,4.0,3.8,8.6,1,0,8.2,498,489,481,432,490,384,430,114,498,541,498,251,232,424,45,323,177,553,364,514,520,367,489,342,398,56,418,190,38,413
27.0,75,47,28,0.627,25.0,3.4,6.6,0.515,0.9,2.7,0.348,1.1,1.3,0.832,1.2,2.2,3.4,1.6,0.6,0.6,0.2,0.4,1.9,1.1,8.8,0.7,16.9,2,0,16.2,76,45,193,126,183,203,222,118,238,232,268,218,245,148,135,283,240,241,333,272,354,242,168,266,209,190,244,157,38,241
27.0,54,36,18,0.667,20.5,1.8,4.3,0.414,1.5,3.7,0.391,0.4,0.5,0.769,0.7,3.4,4.0,0.8,0.4,0.7,0.5,0.1,1.7,0.7,5.4,3.3,14.7,0,0,14.1,271,146,348,76,238,352,332,418,143,149,118,420,433,274,271,152,176,414,444,192,190,512,223,366,325,68,287,257,38,282
29.0,69,49,20,0.71,14.9,1.9,4.1,0.468,0.8,2.0,0.397,0.1,0.2,0.5,0.9,2.1,3.0,1.3,0.5,0.6,0.1,0.3,1.5,0.5,4.7,2.2,11.9,0,0,11.3,138,29,321,48,340,340,348,225,260,289,99,509,503,494,208,295,282,275,407,285,420,333,286,426,356,108,345,257,38,343
23.0,70,19,51,0.271,24.8,2.8,6.3,0.45,0.8,2.5,0.337,1.1,1.4,0.758,2.0,2.9,4.9,1.2,1.2,0.9,0.5,0.4,2.5,1.6,7.5,-2.7,18.3,2,0,17.3,128,307,23,467,186,241,239,294,254,252,293,215,216,294,52,189,121,306,179,101,186,244,62,167,241,449,226,157,38,220
28.0,72,36,36,0.5,30.9,4.6,10.7,0.428,1.8,5.1,0.359,1.7,2.0,0.844,0.7,2.7,3.4,1.7,1.2,0.9,0.1,0.4,3.3,1.7,12.7,-0.3,21.1,1,0,21.7,108,146,99,300,88,140,115,382,93,84,229,136,152,123,254,222,235,228,171,132,411,205,5,165,127,280,181,190,38,170
29.0,73,58,15,0.795,32.6,5.3,11.5,0.461,2.7,6.8,0.396,1.9,2.1,0.901,0.7,3.5,4.2,5.2,1.5,1.0,1.2,0.4,2.1,2.1,15.2,8.5,33.1,5,1,31.7,99,3,390,20,64,104,100,249,30,35,104,122,146,52,266,134,160,44,115,77,22,245,140,119,95,2,68,104,16,74
35.0,6,4,2,0.667,3.2,0.5,1.7,0.3,0.3,0.7,0.5,0.0,0.0,0.0,0.0,0.0,0.0,0.5,0.0,0.0,0.0,0.3,0.0,0.3,1.3,-2.3,2.1,0,0,2.2,525,482,535,76,548,528,511,536,392,449,9,531,538,531,545,557,561,474,550,539,520,272,556,469,533,425,552,257,38,549
26.0,4,0,4,0.0,15.9,0.5,4.0,0.125,0.5,2.5,0.2,0.0,0.0,0.0,1.0,2.0,3.0,0.3,0.5,1.0,0.3,0.0,0.8,0.0,1.5,-7.0,8.7,0,0,7.8,542,560,510,560,318,528,352,559,339,245,460,531,538,531,169,309,285,532,385,80,313,525,455,547,523,554,413,257,38,428
25.0,11,0,11,0.0,10.9,1.0,3.5,0.289,0.0,0.3,0.0,0.4,0.8,0.444,1.1,1.0,2.1,0.5,1.1,0.3,1.6,0.5,1.4,0.9,2.4,-7.3,10.2,0,0,8.7,485,560,436,560,426,460,395,542,498,491,498,422,349,519,152,449,368,491,197,432,12,153,316,301,479,559,376,257,38,399
20.0,62,18,44,0.29,28.5,5.0,12.9,0.385,1.4,4.3,0.325,2.7,3.3,0.819,0.9,2.3,3.1,5.4,3.4,0.8,0.2,0.8,3.1,3.4,14.0,-8.0,25.4,8,0,25.9,200,316,40,458,121,121,79,474,151,127,337,69,74,177,216,275,270,40,9,181,350,71,10,52,106,565,138,73,38,122
24.0,78,31,47,0.397,21.0,2.3,5.6,0.411,0.8,2.7,0.294,0.5,0.7,0.661,0.9,1.8,2.8,1.1,0.8,0.6,0.6,0.5,1.5,0.7,5.8,-3.2,13.4,0,0,12.8,43,193,35,391,234,298,264,425,265,234,393,388,374,437,185,332,303,349,265,253,141,165,268,372,304,474,318,257,38,313
21.0,63,16,47,0.254,12.4,1.3,2.9,0.437,0.4,1.3,0.346,0.2,0.3,0.55,0.7,1.6,2.3,0.5,0.2,0.2,0.4,0.2,1.0,0.3,3.2,-0.8,8.2,0,0,7.6,191,343,35,473,390,433,438,343,356,380,278,489,478,488,274,354,343,488,501,486,201,355,437,483,448,317,430,257,38,434
21.0,72,18,54,0.25,23.6,3.3,7.1,0.46,0.6,1.9,0.295,1.8,2.4,0.754,2.1,5.0,7.1,1.0,0.9,0.6,0.3,0.9,2.4,1.9,8.9,-4.7,20.6,11,0,19.3,108,316,14,474,199,211,204,257,322,304,388,126,123,300,46,56,48,374,234,264,276,54,74,135,205,517,194,57,38,201
31.0,76,38,38,0.5,28.3,3.3,8.4,0.392,1.6,4.8,0.337,2.2,2.8,0.805,0.4,2.3,2.7,4.7,1.2,0.7,0.3,0.2,1.8,1.9,10.5,0.9,22.4,4,0,21.4,61,124,77,300,124,209,161,463,119,102,295,95,96,206,406,270,311,64,180,221,290,357,190,136,169,179,172,120,38,174
26.0,35,22,13,0.629,8.6,0.9,2.2,0.395,0.4,1.1,0.35,0.4,0.6,0.7,0.1,0.7,0.9,0.7,0.3,0.4,0.1,0.1,0.5,0.5,2.5,1.3,5.8,0,0,5.5,373,276,412,123,468,486,482,457,375,399,258,404,411,388,526,499,515,429,475,363,478,511,504,440,471,152,486,257,38,490
28.0,33,21,12,0.636,14.4,1.9,4.6,0.405,0.8,2.1,0.386,0.4,0.6,0.684,0.2,1.5,1.7,2.1,0.2,0.6,0.3,0.2,0.4,0.5,5.0,2.6,12.5,0,0,11.3,380,289,422,108,347,346,316,433,256,285,134,411,410,404,495,379,417,189,509,271,298,417,514,407,346,100,334,257,38,342
28.0,56,35,21,0.625,11.2,1.3,2.6,0.483,0.8,1.6,0.472,0.2,0.3,0.722,0.3,1.0,1.3,2.0,0.3,0.6,0.1,0.1,0.6,0.5,3.5,2.8,9.9,0,0,9.0,252,155,312,128,418,435,455,190,277,342,19,473,477,358,436,467,470,202,451,243,422,490,492,411,423,93,384,257,38,394
30.0,78,44,34,0.564,27.0,3.2,7.3,0.442,1.8,4.6,0.396,0.6,0.9,0.735,0.3,2.7,2.9,1.5,0.9,0.7,0.4,0.4,1.9,0.9,8.9,-1.5,17.4,0,0,17.6,43,72,113,237,145,213,200,322,99,117,103,339,337,344,461,223,288,251,231,188,196,257,177,311,204,374,235,257,38,219
20.0,18,9,9,0.5,3.7,0.6,1.7,0.333,0.4,1.4,0.28,0.1,0.2,0.5,0.1,0.3,0.4,0.3,0.2,0.1,0.1,0.0,0.2,0.2,1.6,0.2,3.1,0,0,3.2,450,412,444,300,536,520,511,521,379,373,412,505,496,494,539,537,545,514,524,514,444,525,545,514,518,232,535,257,38,526
27.0,78,34,44,0.436,35.7,8.6,18.8,0.459,2.6,7.1,0.363,2.7,3.4,0.794,0.8,4.5,5.3,6.4,2.6,1.4,0.3,0.9,1.8,2.5,22.5,-2.0,41.1,20,1,40.3,43,165,40,368,13,23,18,261,36,28,220,72,70,227,231,71,93,20,32,13,274,53,206,89,34,402,28,31,16,28
26.0,82,64,18,0.78,22.3,3.6,7.7,0.468,1.8,4.7,0.385,0.6,0.7,0.821,0.9,2.4,3.2,3.4,0.7,0.5,0.1,0.3,1.3,0.8,9.6,5.5,19.5,3,0,19.1,2,1,348,23,218,187,182,226,103,112,139,362,388,172,217,260,253,108,286,334,488,277,338,350,192,20,209,135,38,205
27.0,66,29,37,0.439,15.0,1.6,3.4,0.456,1.3,2.9,0.44,0.5,0.6,0.81,0.3,1.1,1.4,0.6,0.3,0.3,0.1,0.1,1.7,1.0,4.9,-1.5,8.4,0,0,9.0,170,213,86,366,337,383,397,269,164,221,26,376,397,196,471,435,460,462,474,416,431,501,219,271,350,370,423,257,38,389
31.0,76,45,31,0.592,22.1,2.0,4.6,0.435,1.1,3.1,0.345,0.6,0.8,0.759,0.7,2.5,3.1,2.1,0.6,0.5,0.3,0.1,1.3,0.8,5.6,-0.2,14.3,0,0,13.5,61,66,149,184,221,332,320,351,208,196,280,354,359,292,279,246,268,187,332,300,313,461,335,339,311,268,295,257,38,296
28.0,75,45,30,0.6,33.5,4.5,9.1,0.499,2.7,5.9,0.461,1.7,2.0,0.878,0.6,3.3,3.9,3.0,1.3,0.9,0.6,0.3,2.1,1.9,13.5,3.5,26.1,1,0,26.3,76,66,168,170,45,142,145,153,28,56,20,137,162,70,290,155,182,125,163,111,123,267,137,139,117,65,132,190,38,116
24.0,12,8,4,0.667,3.1,0.3,0.5,0.667,0.0,0.2,0.0,0.0,0.0,0.0,0.1,0.5,0.6,0.2,0.2,0.1,0.1,0.0,0.7,0.1,0.7,-0.5,2.0,0,0,1.8,482,423,510,76,551,548,565,12,498,507,498,531,538,531,534,519,534,545,524,525,479,525,470,535,554,295,554,257,38,557
21.0,40,24,16,0.6,8.4,1.0,2.6,0.385,0.3,1.1,0.289,0.7,1.0,0.683,0.6,1.4,2.0,0.6,0.2,0.2,0.1,0.2,0.5,0.7,3.0,-2.2,6.8,0,0,6.4,349,257,375,170,472,460,454,475,399,403,400,319,292,408,293,404,387,467,511,484,459,442,497,360,453,416,465,257,38,460
25.0,80,15,65,0.188,25.8,4.8,9.9,0.486,2.3,6.0,0.383,1.4,2.0,0.726,0.4,2.4,2.8,2.0,1.2,0.5,0.2,0.6,1.8,1.5,13.4,-5.6,20.6,1,0,21.9,23,347,1,517,168,128,128,180,55,53,146,162,160,354,410,251,301,203,169,302,354,131,211,191,120,537,191,190,38,168
23.0,43,14,29,0.326,15.5,1.8,4.2,0.425,0.6,1.7,0.324,0.9,1.1,0.826,1.1,2.0,3.0,1.0,0.4,0.3,0.1,0.3,1.1,0.8,5.0,-0.1,10.8,1,0,10.3,330,361,179,442,329,353,338,390,325,329,338,254,280,158,151,318,279,353,418,444,466,338,383,338,344,262,364,190,38,364
21.0,34,18,16,0.529,3.0,0.1,0.6,0.19,0.0,0.3,0.111,0.1,0.1,0.667,0.1,0.1,0.1,0.2,0.3,0.1,0.0,0.1,0.1,0.1,0.3,-2.1,0.7,0,0,0.8,375,316,375,287,553,560,564,554,489,493,492,523,530,424,538,556,560,544,472,532,518,491,551,539,562,414,567,257,38,565
22.0,7,0,7,0.0,17.3,2.6,5.9,0.439,0.9,3.1,0.273,0.7,0.9,0.833,0.6,2.6,3.1,1.1,1.0,1.0,0.0,0.3,1.4,0.7,6.7,-4.0,14.2,0,0,13.9,518,560,464,560,289,267,254,336,249,194,418,314,340,135,312,236,269,327,211,80,520,311,299,356,275,503,299,257,38,289
24.0,79,37,42,0.468,36.5,6.8,15.3,0.447,2.6,7.0,0.376,2.8,3.3,0.838,0.6,4.0,4.5,5.1,2.1,0.7,0.2,0.8,2.4,3.7,19.1,-0.4,32.8,5,0,33.2,30,139,49,346,7,61,53,300,33,29,164,66,73,127,324,98,135,47,61,222,334,60,83,42,60,290,72,104,38,61
23.0,20,5,15,0.25,18.6,2.6,5.5,0.464,1.6,3.9,0.416,0.5,0.7,0.714,0.4,1.5,1.8,1.2,0.7,0.2,0.1,0.2,1.5,0.6,7.2,-0.4,11.3,0,0,12.4,439,466,390,474,267,271,266,239,124,143,53,378,380,369,426,389,408,326,327,467,459,387,291,397,248,287,356,257,38,322
21.0,8,8,0,1.0,4.9,0.6,1.5,0.417,0.4,0.9,0.429,0.4,0.5,0.75,0.3,1.0,1.3,1.3,0.3,0.1,0.1,0.0,0.5,0.4,2.0,2.9,5.9,0,0,5.4,510,423,560,1,520,514,519,409,381,433,34,415,422,307,473,449,474,299,488,508,422,525,497,460,498,86,485,257,38,492
23.0,63,9,54,0.143,17.3,3.0,4.8,0.613,0.0,0.0,0.0,1.1,1.6,0.706,1.7,3.6,5.3,0.9,1.0,0.2,0.6,0.3,2.2,1.3,7.1,-5.2,16.1,7,0,14.9,191,412,14,542,288,228,304,36,498,533,498,199,186,380,64,129,93,394,203,477,119,289,100,204,253,533,258,84,38,261
25.0,2,0,2,0.0,1.1,0.0,0.5,0.0,0.0,0.0,0.0,0.0,0.0,0.0,0.0,0.0,0.0,0.0,0.0,0.0,0.0,0.0,0.0,0.0,0.0,0.0,0.0,0,0,0.0,555,560,535,560,570,561,565,561,498,541,498,531,538,531,545,557,561,553,550,539,520,525,556,547,563,254,568,257,38,568
22.0,50,34,16,0.68,10.9,1.6,4.4,0.369,0.8,2.8,0.297,0.4,0.6,0.71,0.1,1.1,1.2,0.9,0.5,0.3,0.1,0.2,1.1,0.8,4.5,-2.1,8.4,0,0,8.5,291,165,375,70,424,373,326,495,255,230,381,393,400,375,529,438,478,381,410,397,410,387,396,346,361,407,425,257,38,409
22.0,6,5,1,0.833,3.0,0.2,1.0,0.167,0.0,0.2,0.0,0.2,0.3,0.5,0.5,0.7,1.2,0.2,0.3,0.2,0.5,0.3,0.3,0.2,0.5,-1.8,3.8,0,0,3.2,525,466,546,16,556,557,542,555,498,507,498,492,472,494,346,505,483,545,452,489,164,272,522,514,559,395,518,257,38,526
25.0,29,14,15,0.483,20.0,2.0,3.9,0.518,0.3,0.9,0.296,0.8,1.2,0.667,1.4,3.3,4.8,1.2,1.0,1.2,0.2,0.4,1.5,1.4,5.2,1.5,16.0,0,0,14.3,397,361,390,332,245,321,357,116,411,428,384,269,253,424,94,154,126,307,229,34,376,198,279,198,337,143,263,257,38,276
28.0,70,43,27,0.614,32.0,4.3,10.4,0.418,2.4,6.8,0.351,1.1,1.4,0.794,0.9,3.9,4.8,4.0,1.6,0.9,0.4,0.6,2.4,1.7,12.2,3.6,26.4,5,1,26.1,128,79,213,152,74,149,120,406,46,32,257,211,223,228,188,103,123,82,101,113,214,131,70,163,136,59,130,104,16,119
22.0,67,38,29,0.567,17.3,2.6,6.8,0.382,1.6,4.4,0.366,1.0,1.2,0.838,0.4,1.8,2.2,1.0,0.6,0.3,0.1,0.3,1.1,0.6,7.8,0.2,12.6,0,0,13.5,166,124,179,233,287,263,214,478,120,121,209,231,263,128,388,338,353,354,348,426,455,340,398,384,231,235,329,257,38,298
26.0,77,46,31,0.597,31.7,6.7,10.6,0.634,0.0,0.1,0.0,3.0,4.1,0.742,3.2,7.4,10.5,2.7,1.6,0.7,1.1,1.0,1.9,4.3,16.5,2.6,36.9,42,0,33.2,54,52,149,179,77,64,116,29,498,519,498,58,50,335,9,15,13,145,108,215,36,42,174,29,80,99,54,11,38,59
23.0,63,25,38,0.397,13.6,2.6,4.9,0.527,0.4,1.1,0.397,1.2,1.5,0.794,0.8,2.3,3.1,1.3,1.0,0.4,0.3,0.4,1.7,1.2,6.9,-1.2,13.5,1,0,13.0,191,247,77,394,368,260,295,106,366,406,101,184,190,228,222,280,276,292,211,381,282,227,228,225,265,346,314,190,38,310
27.0,7,1,6,0.143,23.1,2.4,7.7,0.315,0.7,2.4,0.294,0.4,0.6,0.75,0.6,2.3,2.9,3.6,1.4,1.0,0.4,1.0,1.6,0.4,6.0,-4.1,17.6,0,0,16.0,518,538,481,542,206,284,186,530,291,256,390,394,411,307,312,272,296,99,132,80,201,34,258,445,300,507,231,257,38,244
24.0,8,5,3,0.625,3.5,0.6,1.1,0.556,0.1,0.3,0.5,0.3,0.3,1.0,0.4,0.3,0.6,0.0,0.1,0.0,0.0,0.3,0.3,0.1,1.6,-1.6,2.3,0,0,2.4,510,466,529,128,542,514,535,79,453,496,9,464,490,1,410,546,531,553,536,539,520,342,537,523,516,381,549,257,38,545
31.0,40,20,20,0.5,19.8,1.9,3.3,0.565,0.0,0.0,0.0,0.7,1.4,0.481,1.6,3.7,5.2,1.3,1.1,0.3,0.9,0.3,2.2,1.2,4.4,-1.6,15.2,2,0,13.3,349,297,321,300,251,349,415,68,498,541,498,334,230,517,80,121,102,281,202,430,47,282,102,246,378,381,276,157,38,303
25.0,5,0,5,0.0,8.6,0.2,1.8,0.111,0.2,1.6,0.125,0.4,0.4,1.0,0.2,1.0,1.2,0.8,0.2,0.0,0.0,0.0,0.8,0.2,1.0,-0.2,3.4,0,0,3.2,536,560,494,560,466,556,502,560,431,341,484,404,458,1,499,449,479,411,511,539,520,525,451,503,544,269,526,257,38,524
20.0,71,19,52,0.268,29.7,7.8,16.7,0.465,1.8,5.5,0.325,4.1,5.2,0.796,2.3,8.4,10.6,3.9,3.7,1.2,3.6,0.4,2.2,5.4,21.4,-2.0,50.8,43,2,47.4,118,307,19,469,100,42,37,235,100,71,336,31,29,225,37,9,10,87,5,35,1,247,120,11,39,404,7,10,10,7
26.0,11,5,6,0.455,11.0,1.5,2.3,0.68,0.0,0.1,0.0,0.3,0.4,0.75,0.9,2.2,3.1,0.4,0.3,0.3,0.6,0.0,0.9,0.3,3.4,-1.5,10.1,0,0,8.6,485,466,481,354,420,386,476,10,498,517,498,457,466,307,196,292,275,509,480,432,109,525,441,486,433,369,381,257,38,403
22.0,22,12,10,0.545,21.8,4.0,8.6,0.466,0.8,2.3,0.36,1.0,1.5,0.636,2.1,4.9,7.0,1.2,0.9,1.4,0.9,0.8,2.3,1.1,9.8,4.0,25.9,3,0,23.3,427,384,440,270,224,166,157,230,256,270,224,243,196,453,47,61,50,311,237,16,57,81,87,259,188,52,134,135,38,144
33.0,49,28,21,0.571,11.2,1.5,2.4,0.613,0.0,0.0,0.0,0.3,1.1,0.288,1.5,2.1,3.6,1.0,0.6,0.2,0.3,0.2,1.2,1.2,3.3,-0.3,10.1,1,0,8.9,302,221,312,225,417,400,467,35,498,535,498,448,283,527,88,302,221,356,350,452,292,366,355,243,438,278,380,190,38,395
22.0,66,23,43,0.348,31.4,8.0,18.0,0.442,2.2,6.0,0.364,4.3,5.1,0.856,0.4,2.8,3.2,2.9,1.9,0.7,0.2,1.2,2.1,4.1,22.5,-3.0,31.6,0,0,32.6,170,270,46,425,84,35,24,323,62,53,213,26,32,102,391,207,250,131,76,219,326,17,138,34,35,469,79,257,38,67
23.0,75,14,61,0.187,30.1,5.4,10.7,0.506,1.2,3.1,0.374,2.7,3.6,0.74,1.1,6.1,7.2,3.8,2.1,0.8,0.5,1.0,2.5,3.3,14.7,-4.4,30.7,18,0,29.4,76,361,4,519,97,100,113,133,192,195,176,70,61,339,145,30,45,90,55,175,176,33,64,53,99,511,82,38,38,85
24.0,22,3,19,0.136,18.3,2.5,5.6,0.444,0.5,1.9,0.238,1.5,1.6,0.917,0.7,2.5,3.2,1.8,1.1,0.5,0.2,0.7,1.3,1.4,7.0,-7.2,14.3,0,0,13.7,427,489,337,547,272,276,259,313,353,307,444,155,183,39,256,249,264,213,191,343,367,104,340,195,258,558,294,257,38,294
31.0,11,7,4,0.636,4.8,0.3,1.1,0.25,0.1,0.4,0.25,0.0,0.0,0.0,0.4,0.9,1.3,0.4,0.2,0.1,0.1,0.2,1.0,0.0,0.6,-0.8,3.1,0,0,2.7,485,440,510,108,523,554,540,547,472,480,431,531,538,531,416,473,472,509,518,523,468,417,409,547,558,322,536,257,38,536
24.0,2,2,0,1.0,7.0,0.5,3.5,0.143,0.5,3.0,0.167,0.0,0.0,0.0,0.0,0.0,0.0,2.0,0.0,0.0,0.0,0.0,0.0,0.0,1.5,0.0,4.5,0,0,4.0,555,511,560,1,493,528,388,558,339,214,473,531,538,531,545,557,561,197,550,539,520,525,556,547,523,254,509,257,38,511
33.0,76,36,40,0.474,34.3,7.7,15.9,0.484,1.2,4.1,0.294,1.4,1.7,0.822,2.8,7.8,10.5,3.3,1.6,0.7,0.8,0.6,2.5,1.9,18.0,-2.4,38.5,45,0,36.0,61,146,67,340,31,46,43,185,186,133,392,165,181,171,17,13,12,113,106,229,71,123,60,137,65,429,41,7,38,49
34.0,26,15,11,0.577,8.3,0.9,2.6,0.338,0.6,1.6,0.357,0.2,0.2,0.833,0.2,1.3,1.5,0.6,0.5,0.2,0.1,0.1,0.5,0.3,2.5,-2.2,5.7,0,0,5.8,406,347,436,216,475,481,453,519,319,338,238,484,495,135,516,407,440,450,408,475,439,497,509,479,469,418,489,257,38,481
23.0,18,14,4,0.778,2.7,0.4,1.1,0.4,0.2,0.8,0.286,0.0,0.0,0.0,0.1,0.4,0.5,0.1,0.1,0.1,0.0,0.0,0.6,0.0,1.1,0.4,1.9,0,0,2.1,450,361,510,25,561,540,538,442,424,440,402,531,538,531,539,530,538,550,540,534,520,525,489,547,542,213,555,257,38,552
20.0,60,18,42,0.3,21.1,3.2,7.4,0.425,1.5,4.0,0.365,0.7,0.9,0.863,0.5,1.8,2.2,1.1,0.8,0.6,0.0,0.4,1.5,0.8,8.5,-6.3,13.8,0,0,14.5,215,316,49,452,231,220,197,389,141,138,210,304,344,90,381,340,355,328,262,274,514,204,291,335,214,545,306,257,38,271
25.0,41,12,29,0.293,17.0,1.5,3.7,0.4,1.2,3.1,0.405,0.0,0.0,1.0,0.2,0.9,1.1,3.3,0.7,0.8,0.1,0.1,1.0,0.3,4.2,-4.2,12.6,0,0,11.8,346,384,179,456,296,405,379,442,173,204,76,528,535,1,490,474,488,114,290,163,430,471,438,468,386,508,328,257,38,336
28.0,65,32,33,0.492,15.9,1.7,3.5,0.472,0.4,1.2,0.299,0.4,0.6,0.667,0.9,2.1,3.0,1.0,0.6,0.6,0.2,0.3,2.1,0.9,4.1,1.2,11.3,0,0,10.2,181,183,128,327,319,369,385,214,388,392,376,404,403,424,190,300,281,376,357,236,331,332,133,313,394,158,359,257,38,368
32.0,66,18,48,0.273,18.4,3.2,8.6,0.369,1.9,5.0,0.376,2.2,2.5,0.868,0.4,1.9,2.3,1.3,0.7,0.4,0.2,0.3,1.1,1.9,10.4,-3.9,16.3,0,0,17.1,170,316,31,465,271,214,156,497,89,95,165,99,110,80,416,319,350,278,291,351,367,286,377,134,170,499,256,257,38,224
30.0,43,24,19,0.558,25.6,3.6,8.1,0.444,1.5,4.4,0.347,1.2,1.3,0.944,0.4,2.4,2.8,2.4,0.8,0.6,0.3,0.2,1.8,1.2,9.9,-2.5,18.7,0,0,18.4,330,257,337,256,172,192,175,312,132,125,272,192,246,29,393,256,299,161,260,279,264,380,207,233,185,436,221,257,38,212
22.0,61,25,36,0.41,15.1,2.8,4.8,0.571,0.1,0.2,0.267,1.2,2.0,0.61,2.6,3.7,6.4,1.4,1.1,0.4,0.7,0.5,2.1,1.7,6.8,1.0,18.7,6,0,16.9,206,247,99,378,336,245,306,62,481,498,426,182,153,463,21,111,67,269,190,370,86,187,122,153,271,166,220,93,38,230
24.0,24,15,9,0.625,9.4,1.3,2.9,0.464,0.6,1.6,0.395,0.3,0.5,0.667,0.0,0.8,0.9,1.1,0.6,0.5,0.0,0.1,1.0,0.5,3.6,0.6,7.4,0,0,7.3,416,347,444,128,453,422,442,238,307,344,109,434,422,424,543,486,514,330,353,291,520,464,409,417,419,192,449,257,38,439
35.0,14,9,5,0.643,5.1,1.3,2.4,0.529,0.0,0.1,0.0,0.6,1.0,0.643,0.5,1.8,2.3,0.4,0.4,0.1,0.1,0.2,0.4,1.0,3.2,-1.4,6.9,0,0,6.4,475,412,494,105,518,429,467,103,498,511,498,337,298,447,346,336,345,498,447,526,403,374,519,275,444,365,463,257,38,463
26.0,55,22,33,0.4,33.1,7.8,16.2,0.48,3.2,8.0,0.399,4.5,5.0,0.899,2.2,5.9,8.2,2.0,1.4,0.9,0.5,0.8,1.8,4.4,23.2,0.4,38.8,19,0,39.3,258,276,128,385,55,40,41,197,11,16,96,25,33,53,41,33,32,197,137,114,185,69,187,27,26,217,37,34,38,31
22.0,46,9,37,0.196,30.9,4.0,8.3,0.487,1.5,3.8,0.383,1.4,1.8,0.753,1.6,5.0,6.6,1.6,1.4,0.4,0.8,0.4,2.2,1.8,10.9,-2.9,23.4,5,0,23.0,315,412,86,514,87,163,168,176,144,144,147,168,170,303,72,54,56,240,130,378,63,249,121,149,160,461,159,104,38,152
24.0,77,21,56,0.273,27.8,3.9,7.8,0.505,0.8,2.5,0.335,1.3,1.5,0.856,0.8,3.0,3.8,6.2,1.5,1.0,0.1,0.4,1.2,1.7,10.0,-0.3,25.7,5,1,23.1,54,289,8,465,133,168,181,134,253,249,300,177,192,103,246,175,202,22,118,79,434,239,358,157,182,279,136,104,16,150
24.0,24,15,9,0.625,7.7,0.8,2.3,0.364,0.1,0.7,0.125,1.2,1.6,0.744,0.4,0.9,1.3,1.3,0.3,0.3,0.1,0.3,0.5,1.1,3.0,0.6,7.3,0,0,6.4,416,347,444,128,479,491,475,500,477,449,484,188,185,333,410,472,469,299,452,421,422,309,494,254,455,192,451,257,38,461
23.0,71,51,20,0.718,31.3,7.5,14.0,0.54,1.5,3.4,0.427,2.5,3.1,0.814,0.5,3.5,4.0,4.5,1.7,1.1,0.6,0.7,2.5,2.6,19.1,5.4,34.2,3,0,32.6,118,26,321,45,85,47,65,87,145,182,38,80,83,187,339,141,179,67,90,56,110,94,65,83,61,24,60,135,38,69
27.0,80,46,34,0.575,17.7,4.2,6.9,0.601,0.5,1.4,0.33,2.1,2.6,0.814,1.5,2.9,4.3,1.2,1.2,0.5,0.3,0.5,2.0,2.4,10.9,1.2,18.9,3,0,18.4,23,52,113,218,280,155,209,41,348,365,327,104,109,189,91,195,149,316,176,327,305,172,154,94,163,163,218,135,38,214
26.0,38,14,24,0.368,11.4,1.7,4.2,0.396,0.4,1.4,0.296,0.3,0.4,0.765,0.3,0.9,1.1,2.2,0.5,0.6,0.1,0.3,0.7,0.5,4.1,-2.7,10.2,2,0,9.2,361,361,263,412,411,370,336,454,369,367,384,431,447,279,467,478,487,180,376,283,453,330,468,433,393,450,375,157,38,388
21.0,80,46,34,0.575,35.0,8.0,17.6,0.455,1.5,4.4,0.339,5.1,7.0,0.725,1.0,5.9,6.9,5.4,3.1,0.9,0.6,1.1,1.9,4.8,22.6,0.0,40.3,16,2,39.3,23,52,113,218,24,34,29,271,138,126,287,17,11,355,165,34,52,41,15,133,129,21,173,23,32,253,31,43,10,32
24.0,27,20,7,0.741,4.5,0.6,1.3,0.429,0.3,0.9,0.36,0.1,0.1,0.75,0.0,0.5,0.5,0.8,0.3,0.1,0.0,0.0,0.5,0.1,1.6,0.0,3.5,0,0,3.5,404,297,464,39,526,520,525,378,392,429,224,505,513,307,544,525,537,416,452,502,520,519,505,528,520,260,522,257,38,521
24.0,54,24,30,0.444,19.4,3.7,9.3,0.404,1.1,3.7,0.296,1.7,2.2,0.783,0.8,2.5,3.3,2.4,1.4,0.6,0.4,0.6,1.2,1.6,10.3,-4.1,19.3,2,0,19.0,271,257,168,359,259,178,140,436,205,153,383,133,132,251,242,241,245,168,133,249,236,115,363,179,172,506,214,157,38,207
25.0,60,37,23,0.617,16.0,1.4,3.4,0.417,0.5,1.6,0.309,1.3,1.7,0.745,1.2,1.3,2.6,1.1,0.6,0.8,0.4,0.3,1.1,1.6,4.6,0.1,12.3,0,0,11.1,215,139,292,148,317,409,396,407,347,346,360,179,179,332,128,408,323,347,344,167,219,303,378,168,358,240,339,257,38,346
22.0,60,37,23,0.617,12.8,2.6,3.9,0.665,0.0,0.1,0.0,1.2,1.7,0.716,1.6,2.4,4.0,0.8,0.7,0.6,1.0,0.4,2.3,1.6,6.4,0.5,16.5,4,0,14.4,215,139,292,148,378,265,361,17,498,523,498,185,179,367,79,255,180,399,327,274,38,252,91,174,288,207,251,120,38,273
25.0,45,30,15,0.667,13.0,0.8,1.2,0.691,0.0,0.0,0.0,0.4,0.5,0.667,1.2,2.0,3.3,0.6,0.4,0.2,0.4,0.0,1.0,0.6,2.0,-0.2,8.2,0,0,7.1,323,201,390,76,374,489,529,9,498,541,498,426,419,424,124,307,248,463,449,482,208,517,409,402,496,272,428,257,38,448
31.0,44,27,17,0.614,15.5,2.3,4.2,0.563,0.5,1.3,0.364,0.3,0.5,0.609,1.0,1.5,2.6,1.1,0.6,0.9,0.4,0.3,1.8,0.6,5.5,1.9,13.4,0,0,12.2,326,231,359,155,330,294,339,69,353,384,213,443,421,464,162,376,322,338,340,134,218,325,214,399,318,125,316,257,38,328
28.0,73,49,24,0.671,31.5,5.5,9.8,0.556,0.5,1.9,0.29,2.4,3.7,0.658,2.4,4.1,6.5,3.5,1.4,0.8,0.6,0.8,1.9,3.1,13.9,5.8,29.7,12,0,27.2,99,29,263,75,83,97,130,77,328,310,399,86,59,440,32,93,63,102,128,184,120,77,167,60,110,17,93,54,38,105
25.0,74,30,44,0.405,24.5,4.7,6.5,0.725,0.0,0.0,0.0,1.6,2.4,0.674,2.6,5.0,7.6,1.6,1.0,0.9,2.1,0.5,3.1,2.2,11.0,-1.4,30.3,15,0,26.0,87,201,40,383,190,135,228,2,498,541,498,149,124,420,23,55,38,247,211,138,7,192,13,113,157,361,85,45,38,120
25.0,4,1,3,0.25,10.1,2.0,4.8,0.421,0.3,1.8,0.143,0.3,0.5,0.5,1.0,1.0,2.0,1.3,0.8,0.5,0.0,0.0,1.0,0.8,4.5,-5.5,9.5,0,0,9.0,542,538,529,474,442,326,308,400,417,326,478,464,422,494,169,449,377,299,282,314,520,525,409,351,363,536,395,257,38,390
20.0,21,13,8,0.619,4.3,0.5,1.0,0.5,0.0,0.2,0.2,0.1,0.2,0.75,0.1,0.9,1.0,0.2,0.2,0.1,0.0,0.1,0.7,0.2,1.2,-1.3,2.8,0,0,2.7,435,377,456,140,528,527,541,139,485,500,460,497,507,307,520,481,493,538,501,522,520,448,463,507,537,355,538,257,38,537
23.0,41,21,20,0.512,24.1,3.5,7.7,0.459,1.1,3.1,0.373,1.1,1.4,0.763,0.5,3.1,3.6,4.0,1.6,1.2,0.1,0.4,1.2,1.9,9.3,-3.1,22.1,0,0,20.8,346,289,321,297,195,199,187,262,199,204,183,212,210,282,361,167,214,83,105,33,488,215,368,140,197,470,175,257,38,183
32.0,64,22,42,0.344,14.1,1.9,4.4,0.433,1.5,3.6,0.41,0.2,0.3,0.579,0.2,0.8,0.9,1.1,0.4,0.3,0.0,0.1,1.0,0.2,5.5,-2.2,8.6,0,0,9.5,185,276,49,428,354,338,327,361,140,164,67,491,481,477,512,494,509,337,422,446,515,485,409,497,317,419,416,257,38,378
21.0,66,38,28,0.576,17.5,2.9,6.4,0.462,1.1,3.0,0.36,1.1,1.4,0.785,1.0,2.0,3.0,0.9,0.7,0.6,0.4,0.5,1.4,1.2,8.1,1.5,15.3,0,0,15.0,170,124,193,217,283,230,234,245,206,212,224,209,219,249,177,315,287,393,314,238,240,194,316,231,225,140,273,257,38,260
28.0,55,36,19,0.655,19.8,2.9,5.5,0.533,1.0,2.0,0.491,1.0,1.2,0.779,0.5,2.3,2.7,2.9,0.9,0.4,0.1,0.3,1.5,1.4,7.8,4.3,15.9,0,0,15.3,258,146,337,95,255,232,268,99,234,298,16,240,257,258,375,279,310,135,242,363,468,279,263,193,233,46,264,257,38,257
27.0,11,7,4,0.636,19.8,1.4,4.5,0.306,0.3,2.5,0.107,0.1,0.2,0.5,0.4,0.5,0.8,1.9,0.5,0.8,0.0,0.2,1.7,0.4,3.1,2.8,8.9,0,0,7.7,485,440,510,108,252,417,325,534,412,241,494,516,508,494,416,528,518,208,414,160,520,417,221,461,449,90,409,257,38,429
35.0,60,36,24,0.6,25.5,1.9,4.3,0.453,1.2,3.1,0.395,0.3,0.4,0.714,1.2,3.0,4.1,2.1,0.7,0.8,0.6,0.0,1.8,0.4,5.3,3.0,17.1,0,0,15.7,215,146,263,170,177,337,333,282,184,201,110,464,469,369,133,183,168,185,314,167,111,521,189,444,327,84,242,257,38,247
27.0,82,32,50,0.39,34.8,6.9,15.8,0.436,2.7,7.2,0.372,3.1,3.9,0.814,0.8,3.7,4.5,3.6,2.0,1.0,0.4,0.7,1.4,3.1,19.6,-2.3,32.6,3,0,33.2,2,183,26,397,27,59,46,349,31,26,187,54,55,188,221,114,134,95,68,89,239,111,304,59,55,422,74,135,38,63
21.0,10,3,7,0.3,15.3,2.9,6.7,0.433,1.0,3.6,0.278,1.7,2.2,0.773,0.6,3.0,3.6,1.3,1.0,0.5,0.7,0.3,2.8,1.8,8.5,3.2,17.4,0,0,16.8,493,489,464,452,332,233,219,362,221,160,414,140,134,268,298,175,218,288,211,314,88,303,33,145,214,70,236,257,38,231
30.0,64,35,29,0.547,17.2,2.8,6.1,0.466,1.2,3.1,0.376,1.2,1.5,0.849,1.1,3.3,4.4,2.3,1.2,0.5,0.2,0.4,1.8,1.5,8.0,-0.3,17.4,2,0,17.2,185,155,179,269,294,240,246,228,195,202,166,181,206,118,140,157,142,178,172,330,387,238,214,187,226,283,233,157,38,223
24.0,44,27,17,0.614,9.0,0.8,2.0,0.411,0.3,1.1,0.292,0.0,0.0,0.5,0.5,1.0,1.4,0.6,0.2,0.3,0.1,0.1,1.1,0.1,2.0,-2.1,5.6,0,0,5.1,326,231,359,155,463,490,489,424,400,405,396,529,536,494,375,468,458,460,510,432,414,455,385,537,497,410,493,257,38,497
26.0,59,35,24,0.593,12.2,1.4,3.6,0.381,0.7,2.2,0.346,0.4,0.6,0.788,0.4,1.4,1.8,0.7,0.4,0.5,0.1,0.2,1.4,0.8,3.9,-1.1,8.6,0,0,8.4,225,155,263,182,394,420,383,480,281,282,274,392,414,242,386,401,410,421,421,336,417,412,320,332,408,345,421,257,38,410
29.0,71,38,33,0.535,27.0,5.0,11.0,0.453,1.3,3.6,0.358,2.0,2.7,0.751,1.5,3.0,4.5,1.7,1.2,0.6,0.6,0.6,2.1,2.3,13.2,-0.8,23.4,3,0,23.0,118,124,128,279,143,117,108,284,165,165,235,107,103,306,84,175,137,224,168,256,135,120,142,104,121,321,158,135,38,151
21.0,61,19,42,0.311,14.4,1.7,3.5,0.474,0.2,0.9,0.218,0.9,1.3,0.667,0.3,1.2,1.5,2.7,0.9,0.5,0.1,0.2,1.5,0.8,4.4,-2.4,11.3,0,0,10.1,206,307,49,449,349,365,384,208,434,430,452,261,242,424,448,417,439,146,240,335,396,348,287,330,374,428,357,257,38,370
37.0,27,5,22,0.185,10.7,1.1,2.9,0.372,0.4,1.5,0.3,0.7,0.8,0.818,0.7,1.0,1.7,1.0,0.5,0.4,0.1,0.2,1.0,0.7,3.3,-2.9,8.0,0,0,7.5,404,466,302,522,431,456,440,490,356,358,371,326,350,178,281,449,421,358,379,346,444,414,405,355,439,463,435,257,38,435
31.0,68,28,40,0.412,28.4,3.2,7.5,0.421,1.7,4.9,0.348,0.5,0.7,0.717,1.6,3.1,4.7,1.6,0.9,0.8,0.6,0.3,2.2,0.7,8.5,-1.6,19.8,0,0,19.3,148,221,67,375,122,217,196,401,108,98,267,385,390,366,73,170,129,243,254,159,143,329,106,369,213,378,204,257,38,201
33.0,50,25,25,0.5,23.1,2.3,5.4,0.422,1.2,3.3,0.349,0.5,0.7,0.722,0.6,2.6,3.2,1.3,0.5,0.8,0.2,0.2,1.5,0.7,6.2,-1.4,14.4,0,0,13.8,291,247,242,300,205,299,275,399,194,185,262,375,372,358,295,234,256,283,410,185,372,438,281,368,292,362,290,257,38,290
23.0,14,0,14,0.0,5.8,1.3,2.9,0.439,0.9,2.1,0.433,0.1,0.1,0.5,0.1,0.6,0.6,0.4,0.1,0.1,0.1,0.1,0.2,0.2,3.6,-0.8,5.3,0,0,5.9,475,560,406,560,507,429,437,336,240,283,30,518,514,494,535,516,530,498,532,526,490,448,547,499,421,320,498,257,38,480
21.0,49,32,17,0.653,10.3,1.2,3.0,0.399,0.2,1.0,0.208,0.7,0.9,0.833,0.7,0.9,1.6,0.9,0.7,0.7,0.3,0.3,1.3,0.8,3.3,-0.6,9.0,0,0,8.1,302,183,359,97,436,443,428,449,430,423,456,314,340,135,276,471,428,387,303,198,275,281,323,343,434,305,408,257,38,419
31.0,50,16,34,0.32,14.1,2.2,4.3,0.507,0.6,1.9,0.33,1.4,1.8,0.772,1.2,2.9,4.1,0.5,0.6,0.3,0.5,0.3,1.4,1.7,6.4,0.6,13.8,0,0,13.2,291,343,113,446,355,310,329,132,313,313,328,164,172,269,126,191,167,489,360,428,176,321,319,152,286,200,305,257,38,305
33.0,44,25,19,0.568,14.0,1.8,4.6,0.392,0.9,2.5,0.352,0.6,0.7,0.903,0.4,1.1,1.5,1.0,0.5,0.5,0.1,0.2,0.9,0.6,5.1,1.4,9.9,0,0,9.8,326,247,337,231,358,350,316,464,247,253,256,340,378,50,399,435,437,363,401,314,414,385,442,385,338,149,383,257,38,373
23.0,9,7,2,0.778,7.4,0.6,1.8,0.313,0.1,0.3,0.333,0.0,0.0,0.0,0.4,0.7,1.1,0.4,0.4,0.1,0.0,0.2,0.6,0.0,1.2,-0.8,3.1,0,0,3.1,498,440,535,25,489,520,503,531,460,482,302,531,538,531,384,505,489,495,416,514,520,367,489,547,538,317,532,257,38,529
24.0,57,33,24,0.579,17.2,1.9,4.1,0.461,1.2,2.9,0.417,0.5,0.6,0.743,0.6,1.6,2.2,1.5,0.6,0.9,0.5,0.1,2.0,0.8,5.4,1.6,13.8,0,0,13.1,241,173,263,210,292,348,346,250,180,219,48,391,401,334,322,359,359,260,329,128,163,479,165,322,320,136,304,257,38,307
27.0,65,18,47,0.277,22.9,1.9,4.9,0.397,1.2,3.6,0.346,0.3,0.4,0.759,0.5,1.6,2.1,1.4,0.6,1.7,0.8,0.2,1.4,0.6,5.4,-3.6,16.9,0,0,15.1,181,316,35,462,209,336,300,450,179,170,275,433,449,292,371,356,367,271,337,6,81,415,297,388,319,490,245,257,38,259
24.0,82,47,35,0.573,19.4,3.2,5.9,0.54,0.3,0.7,0.368,0.7,1.0,0.718,2.4,3.6,6.0,1.3,0.8,0.8,1.0,0.5,2.4,1.2,7.3,1.2,21.2,8,0,18.5,2,45,105,222,260,218,255,88,415,448,201,298,287,365,33,127,73,280,267,161,37,172,72,245,243,160,180,73,38,211
23.0,36,20,16,0.556,8.4,1.0,2.0,0.5,0.2,0.4,0.533,0.5,0.7,0.76,0.8,1.6,2.3,0.9,0.5,0.2,0.2,0.2,1.0,0.7,2.8,0.3,7.7,1,0,7.1,370,297,375,259,471,460,490,139,424,477,8,373,383,288,235,370,340,379,385,474,338,400,431,362,459,222,439,190,38,447
35.0,58,38,20,0.655,14.9,1.5,3.3,0.454,0.9,2.3,0.404,0.1,0.1,0.75,0.2,1.1,1.2,1.2,0.2,0.6,0.2,0.1,1.2,0.2,4.0,0.9,9.3,0,0,8.9,232,124,321,94,341,394,406,280,237,265,77,527,532,307,514,443,477,325,499,247,389,504,360,508,395,176,401,257,38,396
27.0,75,42,33,0.56,15.6,2.0,3.4,0.601,0.0,0.0,1.0,1.0,1.2,0.774,1.4,2.9,4.3,0.8,0.8,0.4,0.8,0.3,1.5,1.2,5.1,-1.4,14.2,0,0,12.6,76,88,128,250,328,325,402,42,486,528,1,242,254,266,103,188,156,398,268,386,66,298,265,229,340,364,300,257,38,317
29.0,54,35,19,0.648,24.0,2.4,5.5,0.441,1.4,3.8,0.371,0.6,0.8,0.756,0.4,1.2,1.7,1.6,0.6,0.9,0.3,0.1,1.7,0.7,6.9,1.7,14.3,0,0,13.9,271,155,337,102,196,285,266,325,150,145,192,344,346,297,384,419,420,233,356,117,308,445,226,372,262,135,297,257,38,288
25.0,82,56,26,0.683,23.4,2.9,6.6,0.439,1.6,4.1,0.391,0.6,0.8,0.8,0.4,1.6,2.0,2.5,0.9,0.8,0.5,0.4,1.7,1.0,8.0,3.8,17.1,0,0,16.7,2,10,230,69,203,234,225,340,125,134,119,341,353,212,389,360,375,160,232,178,160,260,217,274,227,55,243,257,38,234
35.0,55,31,24,0.564,16.8,2.9,6.5,0.44,1.5,4.4,0.344,1.5,2.0,0.787,1.1,5.1,6.1,2.1,0.9,0.3,0.2,0.2,1.8,1.8,8.8,2.0,20.0,6,0,19.6,258,193,263,239,303,235,226,329,133,122,281,152,159,244,154,52,71,189,252,405,367,434,209,150,207,120,202,93,38,198
28.0,72,35,37,0.486,13.9,1.9,5.1,0.378,1.1,3.3,0.329,0.1,0.1,0.571,0.2,0.7,0.8,1.3,0.5,0.5,0.2,0.1,1.0,0.2,5.0,0.4,9.6,1,0,9.6,108,155,86,330,360,339,287,485,212,188,331,525,527,479,518,504,516,287,385,308,338,495,427,513,347,220,390,190,38,375
22.0,50,8,42,0.16,12.3,1.2,3.1,0.403,0.3,0.8,0.35,0.3,0.5,0.583,0.4,1.1,1.4,0.6,0.3,0.4,0.2,0.3,1.1,0.5,3.0,-3.0,7.1,0,0,6.5,291,423,49,534,392,437,426,439,410,438,258,456,434,475,421,441,449,444,486,386,354,334,375,429,452,464,457,257,38,458
25.0,7,1,6,0.143,5.9,0.7,2.1,0.333,0.4,1.7,0.25,0.1,0.3,0.5,0.0,0.0,0.0,0.7,0.1,0.1,0.1,0.0,0.6,0.1,2.0,-5.0,3.8,0,0,3.7,518,538,481,542,504,502,484,521,366,330,431,497,483,494,545,557,561,429,532,503,403,525,487,519,498,526,519,257,38,515
33.0,29,20,9,0.69,16.8,1.5,3.4,0.439,0.7,1.9,0.339,0.8,0.9,0.846,1.1,2.3,3.3,0.8,0.4,1.3,0.6,0.2,1.9,0.7,4.4,3.6,15.2,0,0,13.1,397,297,444,66,301,402,401,339,302,302,286,290,328,122,156,274,241,404,441,22,118,352,170,380,375,61,277,257,38,308
20.0,74,18,56,0.243,29.6,4.6,10.5,0.438,0.9,3.1,0.308,1.5,1.9,0.771,1.9,4.6,6.4,3.4,1.9,0.8,0.5,0.9,2.3,1.8,11.6,-4.6,26.6,7,0,25.1,87,316,8,491,104,139,119,342,239,209,361,155,163,270,57,70,64,111,75,149,152,52,95,151,145,516,124,84,38,130
27.0,68,17,51,0.25,17.9,3.4,7.3,0.461,1.3,3.6,0.359,1.0,1.4,0.742,1.4,2.3,3.7,1.0,0.8,0.5,0.6,0.5,2.4,1.4,9.1,-2.8,17.3,1,0,17.1,148,331,23,474,279,204,199,251,163,159,231,228,225,336,105,268,208,375,280,329,143,168,82,197,202,456,238,190,38,225
36.0,16,10,6,0.625,4.0,0.4,1.2,0.368,0.1,0.5,0.25,0.1,0.1,1.0,0.2,0.1,0.3,0.3,0.1,0.1,0.2,0.1,0.4,0.3,1.1,-1.4,2.5,0,0,2.3,461,403,481,128,535,542,530,498,453,463,431,503,518,1,503,554,553,532,536,530,364,507,512,490,541,366,545,257,38,547
27.0,61,36,25,0.59,17.5,2.6,6.4,0.402,2.3,5.8,0.404,0.4,0.5,0.929,0.4,1.6,2.0,1.8,0.3,0.3,0.1,0.2,1.2,0.8,8.0,0.5,13.8,0,0,14.8,206,146,242,187,282,264,231,440,52,63,78,395,442,32,420,361,389,216,466,409,496,376,366,330,229,212,307,257,38,263
27.0,39,15,24,0.385,25.6,3.6,8.1,0.448,2.7,6.1,0.45,1.0,1.2,0.889,0.3,2.6,2.9,3.5,1.4,0.5,0.1,0.3,1.0,0.8,11.0,-4.8,20.0,0,0,21.3,355,347,263,400,173,188,174,298,26,51,24,224,271,57,456,229,292,105,140,309,505,317,409,345,157,521,199,257,38,176
25.0,22,11,11,0.5,5.9,1.2,2.3,0.54,0.1,0.2,0.4,0.3,0.6,0.538,0.5,0.5,1.0,0.3,0.2,0.2,0.0,0.4,0.5,0.4,2.9,1.0,5.1,0,0,4.8,427,392,436,300,505,439,476,85,472,501,87,443,405,490,328,519,492,522,518,480,508,254,510,452,457,167,499,257,38,502
28.0,53,29,24,0.547,12.5,1.4,3.1,0.434,0.4,1.3,0.304,0.6,0.8,0.762,0.6,1.5,2.1,0.7,0.3,0.5,0.4,0.3,0.7,0.5,3.7,-1.0,9.7,0,0,8.7,278,213,263,268,387,419,422,358,378,379,367,349,354,284,307,386,371,428,479,339,212,302,474,427,415,337,389,257,38,401
32.0,43,27,16,0.628,20.3,1.5,3.4,0.432,0.7,2.1,0.348,0.8,1.1,0.702,0.7,2.6,3.3,1.6,0.7,0.4,0.7,0.1,1.8,1.3,4.4,2.9,13.4,1,0,12.3,330,231,375,124,242,404,400,368,282,284,269,289,279,385,267,228,243,242,325,368,90,487,184,221,367,85,317,190,38,326
22.0,60,22,38,0.367,34.9,7.5,15.7,0.475,1.7,4.9,0.341,3.3,4.2,0.781,2.4,5.9,8.2,6.1,2.8,1.3,1.5,0.8,2.0,3.6,19.9,-2.4,44.2,25,4,41.3,215,276,77,414,25,50,48,207,110,100,284,51,47,257,34,35,31,27,23,32,15,72,164,45,51,432,19,22,7,25
23.0,48,30,18,0.625,12.7,1.7,3.5,0.488,0.6,1.6,0.4,0.4,0.6,0.679,0.5,1.6,2.1,0.6,0.6,0.3,0.1,0.4,1.1,0.4,4.4,-0.3,8.5,0,0,8.6,306,201,348,128,385,363,394,173,307,347,87,409,406,414,373,363,373,442,358,437,401,258,381,449,373,276,422,257,38,408
23.0,6,3,3,0.5,9.2,0.7,2.2,0.308,0.2,0.3,0.5,0.8,1.0,0.833,0.2,1.0,1.2,0.8,0.0,0.3,0.2,0.2,0.7,0.7,2.3,4.7,6.5,0,0,5.5,525,489,529,300,459,503,483,533,440,482,9,266,298,135,508,449,483,399,550,398,381,428,470,372,481,37,474,257,38,488
21.0,73,44,29,0.603,13.6,2.7,6.6,0.407,1.1,3.1,0.362,0.8,1.0,0.776,0.3,1.5,1.8,1.5,0.8,0.3,0.1,0.4,1.1,1.1,7.3,-1.7,11.9,0,0,12.4,99,72,179,169,369,251,223,430,203,208,221,276,286,264,459,378,411,259,257,417,502,245,391,260,246,387,348,257,38,321
22.0,42,7,35,0.167,24.0,2.8,6.7,0.413,0.5,1.8,0.297,0.8,1.2,0.66,0.3,2.6,2.8,4.9,1.2,0.9,0.5,0.3,1.8,1.3,6.9,-5.8,20.4,0,0,17.8,341,440,105,530,197,242,217,419,334,323,379,282,264,439,469,236,298,60,173,141,179,311,195,219,263,543,196,257,38,217
38.0,20,8,12,0.4,10.2,0.8,1.9,0.405,0.1,0.5,0.2,0.1,0.1,1.0,0.6,1.3,1.9,0.6,0.3,0.2,0.4,0.2,1.6,0.2,1.7,-1.5,6.0,0,0,5.2,439,423,422,385,439,498,498,432,466,463,460,510,523,1,298,416,401,467,488,501,245,442,262,518,513,368,482,257,38,496
28.0,63,48,15,0.762,15.6,2.3,3.2,0.7,0.0,0.0,1.0,0.8,0.9,0.907,1.9,2.3,4.1,1.1,0.3,0.4,1.0,0.2,1.2,1.1,5.3,3.5,15.5,1,0,13.2,191,36,390,32,327,304,418,6,494,536,1,283,340,45,56,276,166,350,452,381,42,404,351,261,330,66,269,190,38,304
23.0,70,43,27,0.614,37.5,9.1,20.3,0.45,3.0,8.1,0.373,4.7,5.4,0.868,0.5,3.2,3.7,6.2,1.7,1.0,0.5,1.3,2.2,4.1,25.9,4.3,42.4,9,0,41.8,128,79,213,152,2,14,5,295,17,13,185,22,27,81,341,163,207,24,96,92,186,12,119,35,13,47,24,64,38,22
36.0,76,53,23,0.697,28.9,3.9,8.5,0.457,2.4,5.3,0.442,1.3,1.5,0.911,0.5,2.4,2.9,5.9,1.3,1.2,0.2,0.2,1.7,1.6,11.4,3.6,26.5,5,0,25.3,61,22,292,55,116,171,159,266,51,78,25,172,200,42,363,259,293,29,147,50,337,398,227,180,148,60,128,104,38,128
24.0,26,6,20,0.231,13.8,1.5,4.0,0.385,0.8,2.3,0.333,0.6,0.7,0.833,1.0,2.2,3.2,2.3,0.8,0.8,0.8,0.1,1.3,0.4,4.4,-2.8,15.5,0,0,13.7,406,458,321,498,362,388,352,475,272,267,302,355,384,135,169,293,267,171,270,182,74,472,324,447,370,457,271,257,38,292
26.0,4,0,4,0.0,16.9,2.3,5.3,0.429,0.5,2.0,0.25,0.0,0.0,0.0,0.3,1.5,1.8,3.0,0.3,1.5,0.5,0.5,1.3,0.5,5.0,-7.8,17.4,0,0,14.3,542,560,510,560,300,305,282,378,339,290,431,531,538,531,473,381,415,126,488,12,164,172,345,417,342,563,237,257,38,277
24.0,78,54,24,0.692,18.5,2.8,6.2,0.458,1.9,4.5,0.416,0.6,0.7,0.865,0.4,1.9,2.3,1.3,0.6,0.6,0.3,0.2,1.1,1.2,8.2,4.5,14.8,0,0,15.4,43,18,263,64,268,237,240,265,88,118,51,355,391,86,397,321,344,296,343,258,295,401,384,241,222,44,285,257,38,254
31.0,32,8,24,0.25,18.1,2.5,6.9,0.357,1.0,4.1,0.254,0.9,1.1,0.806,0.2,1.7,1.8,1.5,0.7,0.9,0.2,0.2,1.5,0.6,6.9,-4.4,14.0,0,0,13.5,385,423,263,474,275,280,208,506,216,135,430,250,273,203,512,352,406,253,320,118,344,408,268,389,264,510,303,257,38,299
22.0,75,43,32,0.573,27.0,4.5,9.5,0.471,2.0,5.1,0.397,1.6,2.1,0.756,0.6,2.4,3.1,2.7,1.8,1.4,0.6,0.3,2.7,2.4,12.6,0.6,24.7,0,0,24.5,76,79,137,221,146,144,134,221,74,85,98,150,147,296,290,253,278,144,87,15,113,267,39,91,128,196,143,257,38,134
29.0,76,48,28,0.632,27.3,4.2,8.3,0.51,0.3,1.2,0.244,2.2,3.4,0.64,2.9,8.1,11.0,4.0,2.3,1.1,1.1,0.8,3.3,3.0,10.9,5.3,34.1,28,0,30.4,61,36,193,119,139,154,170,126,408,393,442,98,65,450,12,11,9,84,48,67,33,84,7,62,161,26,62,20,38,78
21.0,74,40,34,0.541,26.3,6.2,11.6,0.529,0.7,2.2,0.321,3.0,4.0,0.746,1.2,3.6,4.8,2.2,1.6,0.7,0.5,1.0,2.3,2.9,16.1,1.7,27.2,5,0,26.2,87,110,113,275,162,77,95,104,290,275,342,60,51,329,125,132,124,182,98,189,174,40,90,66,81,134,121,104,38,117
25.0,42,14,28,0.333,34.4,8.6,18.5,0.464,3.3,8.6,0.381,3.3,3.8,0.87,0.9,3.5,4.4,5.5,2.7,1.0,0.5,1.5,2.9,3.0,23.7,-4.8,39.2,3,0,40.0,341,361,193,432,30,25,21,237,9,9,152,48,56,77,214,135,143,39,26,74,158,6,28,63,24,519,35,135,38,29
20.0,33,7,26,0.212,12.7,1.7,3.4,0.496,0.1,0.3,0.333,0.9,1.3,0.69,1.4,2.1,3.4,1.1,0.3,0.4,0.4,0.2,1.4,0.9,4.4,-1.0,12.2,0,0,10.5,380,440,230,508,383,361,397,159,472,491,302,255,243,399,107,303,233,338,480,383,205,351,302,292,376,332,341,257,38,359
28.0,56,28,28,0.5,13.6,1.9,3.7,0.515,0.2,0.7,0.25,0.9,1.2,0.8,1.6,1.5,3.1,1.2,0.6,0.4,0.6,0.4,1.3,1.1,4.9,2.9,12.6,1,0,11.2,252,221,193,300,366,342,374,119,438,444,431,246,269,212,77,381,277,322,367,389,128,234,333,265,351,86,330,190,38,344
25.0,63,28,35,0.444,32.7,4.6,11.1,0.416,1.8,5.7,0.316,2.7,3.2,0.837,2.7,3.9,6.5,1.5,0.9,0.8,0.2,0.8,1.4,2.2,13.7,-0.3,25.8,8,0,25.4,191,221,105,359,59,138,106,412,101,65,351,68,77,129,20,105,61,265,255,162,375,79,306,111,115,281,135,73,38,124
25.0,7,2,5,0.286,15.2,1.3,4.9,0.265,0.1,0.7,0.2,0.0,0.3,0.0,2.1,3.3,5.4,0.3,0.4,0.4,0.6,1.0,2.1,0.3,2.7,-8.0,12.2,0,0,10.6,518,511,494,459,334,429,303,545,445,444,460,531,483,531,44,156,89,527,425,349,136,34,124,483,464,566,340,257,38,358
26.0,9,7,2,0.778,14.5,1.7,3.7,0.455,0.8,1.9,0.412,0.2,0.2,1.0,0.7,0.9,1.6,1.6,0.6,1.0,0.3,0.1,1.3,0.7,4.3,-4.8,12.0,0,0,10.9,498,440,535,25,345,366,378,272,270,311,63,475,496,1,281,475,436,246,364,80,256,474,327,372,379,518,344,257,38,351
25.0,3,3,0,1.0,3.5,0.0,0.3,0.0,0.0,0.0,0.0,0.7,0.7,1.0,0.0,1.3,1.3,0.7,0.0,0.3,0.0,0.0,0.3,0.3,0.7,0.0,4.3,0,0,3.3,549,489,560,1,544,561,567,561,498,541,498,326,391,1,545,408,465,436,550,398,520,525,522,469,554,254,513,257,38,523
26.0,9,2,7,0.222,16.6,1.9,5.6,0.34,0.4,1.4,0.308,0.6,1.2,0.455,0.9,4.0,4.9,2.9,1.0,0.7,0.2,0.1,1.6,0.9,4.8,-2.7,16.6,0,0,14.8,498,511,464,502,309,344,263,518,356,362,363,364,259,518,204,96,122,133,211,223,338,474,260,306,354,447,249,257,38,265
21.0,6,2,4,0.333,12.1,1.3,3.8,0.348,0.5,1.5,0.333,0.8,1.0,0.833,1.7,2.0,3.7,0.7,0.2,0.8,0.7,0.5,2.2,0.8,4.0,-6.8,13.7,0,0,11.8,525,511,510,432,396,422,364,515,339,352,302,266,298,135,71,309,210,436,524,150,98,172,113,325,398,552,308,257,38,334
27.0,14,5,9,0.357,11.8,1.0,2.7,0.368,0.2,1.2,0.176,0.6,0.9,0.75,0.2,1.2,1.4,1.3,0.5,0.5,0.4,0.0,1.1,0.8,2.9,-0.6,8.6,0,0,7.5,475,466,444,419,401,460,449,498,428,385,471,337,340,307,492,428,451,292,385,314,243,525,399,340,458,312,419,257,38,436
20.0,15,8,7,0.533,8.9,1.0,3.3,0.306,0.7,2.2,0.303,0.1,0.3,0.25,0.1,0.9,0.9,0.7,0.5,0.1,0.1,0.2,0.3,0.5,2.7,-5.6,4.9,0,0,5.4,467,423,464,280,465,460,417,534,299,278,369,521,488,528,536,480,506,436,373,529,418,387,522,436,463,538,503,257,38,491
26.0,31,19,12,0.613,24.8,2.4,4.1,0.575,0.0,0.0,0.0,0.9,2.1,0.409,4.6,3.9,8.5,0.6,0.8,1.2,1.1,0.5,1.8,1.9,5.6,0.4,22.8,2,0,19.3,392,307,422,157,187,293,343,59,498,541,498,258,141,522,2,101,26,459,271,44,26,195,201,132,313,215,167,157,38,199
21.0,74,41,33,0.554,26.6,3.7,8.1,0.454,1.2,3.2,0.385,0.7,1.1,0.633,1.6,4.2,5.8,3.7,1.2,0.8,0.2,0.5,1.6,1.7,9.2,3.6,23.5,7,0,21.9,87,97,128,262,156,182,176,277,185,192,140,325,282,455,74,89,76,94,182,158,363,189,240,162,198,63,157,84,38,167
31.0,34,21,13,0.618,4.6,0.5,0.9,0.533,0.0,0.0,0.0,0.0,0.1,0.0,0.2,0.2,0.4,0.5,0.4,0.2,0.1,0.1,0.7,0.2,0.9,-1.2,2.7,0,0,2.5,375,289,412,142,525,538,554,97,498,534,498,531,533,531,498,549,547,474,432,465,433,491,465,502,548,347,540,257,38,543
22.0,82,57,25,0.695,29.4,6.2,11.6,0.53,1.6,4.3,0.37,2.7,3.4,0.793,1.6,6.3,7.9,2.4,1.6,0.6,2.3,0.8,2.4,3.0,16.5,5.2,37.0,23,0,34.4,2,4,242,60,108,78,97,102,128,129,197,74,71,232,76,25,37,162,103,235,5,74,75,61,79,30,52,25,38,55
30.0,79,55,24,0.696,22.6,2.5,5.5,0.46,0.1,0.6,0.229,1.2,1.7,0.708,0.8,2.7,3.5,4.2,1.2,0.9,0.6,0.3,1.6,1.3,6.4,2.1,20.2,0,0,17.2,30,14,263,57,210,274,269,260,448,456,447,183,177,376,240,220,230,78,189,125,126,341,244,213,287,110,198,257,38,222
28.0,76,46,30,0.605,32.7,6.5,14.2,0.456,3.0,7.2,0.415,2.1,2.5,0.828,0.4,2.7,3.1,6.3,2.1,0.9,0.5,0.5,2.1,2.2,18.0,2.4,33.3,10,0,33.2,61,52,168,161,62,69,64,270,20,27,55,103,112,153,415,218,274,21,67,116,182,191,144,107,66,104,65,59,38,62
26.0,56,38,18,0.679,18.4,2.5,6.2,0.412,1.4,3.7,0.377,0.6,0.9,0.673,0.4,1.8,2.3,2.1,0.7,1.1,0.3,0.4,1.6,0.8,7.1,4.3,16.2,0,0,15.5,252,124,348,72,270,273,243,423,152,151,161,345,322,421,383,327,345,191,296,69,302,234,253,329,252,48,257,257,38,251
22.0,35,8,27,0.229,23.0,3.4,8.7,0.389,1.5,4.5,0.34,2.6,3.1,0.826,1.5,2.2,3.7,1.7,1.3,0.8,0.3,0.7,2.0,2.1,10.8,-3.3,19.9,2,0,20.0,373,423,213,500,207,206,155,469,135,120,285,76,82,161,92,289,212,227,158,155,251,112,162,115,165,479,203,157,38,190
21.0,22,5,17,0.227,10.3,0.6,1.0,0.636,0.0,0.0,0.0,0.3,0.5,0.5,0.9,1.4,2.3,0.6,0.7,0.1,0.9,0.1,2.1,0.6,1.5,-4.1,7.7,0,0,6.5,427,466,359,501,438,511,542,28,498,541,498,457,416,494,196,396,342,457,306,505,49,455,138,385,522,505,442,257,38,457
30.0,71,34,37,0.479,28.7,3.6,7.6,0.468,1.9,4.7,0.408,1.0,1.4,0.76,0.9,3.0,3.8,3.5,1.4,1.7,1.0,0.4,2.5,1.9,10.1,0.1,26.5,1,0,24.7,118,165,86,335,120,195,192,227,86,108,71,223,228,287,211,182,192,106,129,8,41,262,58,130,180,247,129,190,38,133
19.0,63,11,52,0.175,27.2,3.0,6.9,0.435,1.0,2.9,0.346,1.5,2.1,0.702,0.9,3.2,4.1,1.7,1.4,0.9,0.8,0.7,2.2,1.6,8.4,-6.7,19.6,1,0,18.6,191,392,19,529,141,227,211,350,220,220,277,160,148,384,204,162,174,218,141,119,80,103,112,172,216,551,208,190,38,210
25.0,10,3,7,0.3,10.4,1.5,4.6,0.326,1.1,3.2,0.344,0.1,0.2,0.5,0.7,1.1,1.8,0.5,0.3,0.1,0.1,0.4,0.3,0.1,4.2,2.8,7.4,0,0,8.0,493,489,464,452,435,396,318,527,204,190,282,510,504,494,264,440,408,474,470,518,459,223,533,532,388,91,448,257,38,423
27.0,68,42,26,0.618,26.4,5.0,7.6,0.649,0.0,0.0,0.0,1.8,2.4,0.723,2.9,6.3,9.2,1.4,1.2,0.3,1.2,0.6,2.6,2.0,11.7,2.7,28.2,23,0,25.3,148,88,230,142,160,120,191,23,498,541,498,129,117,357,15,26,20,273,188,406,19,133,47,122,143,95,106,25,38,126
19.0,48,14,34,0.292,25.7,5.0,11.7,0.428,2.1,6.0,0.357,2.4,3.2,0.752,1.1,3.0,4.1,1.2,1.4,0.6,0.5,0.8,1.3,2.1,14.6,-4.0,23.2,2,0,24.2,306,361,113,457,171,112,93,385,64,55,242,88,79,305,149,179,172,310,145,264,164,61,327,120,101,504,161,157,38,135
25.0,55,46,9,0.836,11.5,1.2,2.8,0.444,0.3,1.0,0.273,0.9,1.5,0.602,1.1,1.8,2.9,0.8,0.4,0.3,0.1,0.2,1.0,1.0,3.7,2.1,9.5,0,0,8.6,258,52,444,15,410,438,445,310,412,410,418,249,195,467,148,333,291,411,445,395,402,434,428,269,417,113,397,257,38,406
19.0,39,7,32,0.179,16.2,1.4,4.1,0.335,0.7,2.0,0.359,0.5,0.6,0.76,0.6,1.7,2.4,1.6,0.8,0.3,0.1,0.5,1.4,0.5,4.0,-3.2,9.5,0,0,9.4,355,440,137,527,313,414,341,520,288,290,234,382,396,288,296,341,338,238,273,410,483,157,296,410,403,472,394,257,38,383
27.0,22,17,5,0.773,3.7,0.5,1.5,0.333,0.1,0.8,0.118,0.3,0.5,0.636,0.0,0.2,0.3,0.2,0.1,0.0,0.1,0.0,0.2,0.3,1.4,1.2,2.5,0,0,2.4,427,331,494,28,538,528,519,521,472,441,490,443,422,453,542,548,555,539,544,537,414,525,544,477,530,154,544,257,38,546
36.0,2,1,1,0.5,9.2,0.0,1.0,0.0,0.0,0.5,0.0,0.0,0.0,0.0,0.0,1.0,1.0,0.5,0.0,0.5,0.0,0.0,0.5,0.0,0.0,0.0,3.5,0,0,2.5,555,538,546,300,457,561,542,561,498,463,498,531,538,531,545,449,493,474,550,314,520,525,497,547,563,254,523,257,38,541
25.0,45,20,25,0.444,15.2,2.4,4.2,0.583,0.0,0.1,0.0,1.4,2.1,0.667,1.3,3.0,4.3,1.0,1.0,0.6,0.6,0.5,2.4,1.7,6.3,-2.1,15.5,0,0,13.9,323,297,242,359,335,286,340,53,498,518,498,163,140,424,113,180,158,360,227,280,116,169,80,160,290,412,270,257,38,287
25.0,52,14,38,0.269,13.7,2.7,5.8,0.462,0.8,2.5,0.336,0.8,1.0,0.83,0.5,2.3,2.9,1.2,1.0,0.5,0.3,0.3,0.9,0.8,7.0,-3.8,13.5,2,0,13.4,282,361,77,468,364,254,256,247,250,243,298,263,295,151,332,265,294,319,209,314,313,269,440,334,257,498,315,157,38,301
28.0,77,45,32,0.584,27.0,6.2,11.8,0.524,1.5,4.2,0.358,3.2,4.1,0.773,1.5,5.5,6.9,1.3,1.4,0.5,1.9,0.5,3.0,3.4,17.1,2.9,33.0,17,0,31.5,54,66,137,200,148,76,92,111,136,130,237,53,49,267,90,46,53,289,136,312,10,153,18,48,73,88,69,41,38,75
24.0,8,3,5,0.375,3.4,0.1,0.8,0.167,0.1,0.1,1.0,0.0,0.3,0.0,0.0,0.4,0.4,0.0,0.1,0.1,0.0,0.0,0.3,0.1,0.4,-2.9,1.1,0,0,1.1,510,489,494,407,545,558,557,555,453,515,1,531,490,531,545,534,548,553,536,508,520,525,537,523,561,460,564,257,38,562
23.0,9,2,7,0.222,4.2,0.6,1.0,0.556,0.1,0.4,0.25,0.2,0.2,1.0,0.3,0.4,0.8,0.3,0.1,0.0,0.1,0.1,0.3,0.1,1.4,-1.8,3.1,0,0,2.9,498,511,464,502,532,520,542,79,460,474,431,475,496,1,430,530,520,514,540,539,444,474,522,528,528,392,534,257,38,534
35.0,57,20,37,0.351,25.9,5.4,11.9,0.454,2.3,5.9,0.398,2.1,2.6,0.785,0.4,2.3,2.7,1.7,1.8,0.5,0.1,0.8,1.7,2.0,15.2,-6.1,21.1,1,0,23.2,241,297,86,422,167,98,89,279,53,60,97,106,108,248,408,273,314,222,84,300,474,76,230,121,93,544,183,190,38,147
26.0,82,47,35,0.573,21.1,4.0,7.1,0.573,1.2,3.1,0.403,0.9,1.2,0.77,1.0,2.9,3.9,1.6,0.8,0.6,0.5,0.4,1.7,1.1,10.3,1.7,19.8,1,0,19.2,2,45,105,222,232,162,206,60,173,200,81,244,260,273,163,197,186,245,259,273,157,253,217,264,173,133,205,190,38,204
23.0,40,6,34,0.15,14.1,2.5,5.0,0.488,0.6,2.0,0.308,0.8,0.9,0.861,0.2,1.2,1.5,3.2,1.3,0.7,0.2,0.3,1.5,1.1,6.3,-1.2,14.3,1,0,13.3,349,458,113,540,353,283,291,174,317,299,363,285,326,91,486,425,448,120,164,201,354,282,291,263,289,350,296,190,38,302
23.0,62,12,50,0.194,21.7,2.3,5.9,0.396,0.8,3.0,0.268,0.6,0.9,0.661,1.4,2.2,3.6,1.3,0.9,0.9,0.3,0.4,1.5,0.9,6.1,-2.6,15.0,1,0,14.1,200,384,26,515,225,295,252,455,269,218,425,351,325,437,104,281,216,291,246,143,253,212,278,318,299,446,281,190,38,280
22.0,15,3,12,0.2,15.7,2.1,5.2,0.41,0.9,3.0,0.289,0.8,1.0,0.8,1.3,2.3,3.5,1.3,0.7,0.7,0.6,0.4,0.9,0.7,5.9,-3.9,15.2,0,0,14.1,467,489,422,510,326,316,283,426,244,214,400,278,298,212,121,277,224,298,314,223,123,223,439,372,302,502,274,257,38,281
23.0,58,26,32,0.448,31.7,7.5,15.2,0.495,1.6,4.3,0.36,3.6,5.0,0.715,0.9,4.5,5.4,3.3,2.2,0.5,0.4,1.6,2.2,3.6,20.2,-2.6,32.3,2,0,32.3,232,241,137,357,78,48,57,160,131,128,224,42,34,368,193,72,88,115,52,297,228,4,103,44,47,443,76,157,38,72
24.0,72,41,31,0.569,27.7,4.4,8.8,0.496,1.9,4.6,0.419,1.5,1.9,0.781,0.9,2.9,3.8,1.5,0.9,0.9,0.7,0.7,3.3,2.0,12.2,2.2,22.9,1,0,22.6,108,97,149,227,134,148,149,158,82,114,44,157,166,256,210,185,196,253,244,122,95,97,5,123,137,107,165,190,38,158
29.0,2,2,0,1.0,0.4,0.0,0.0,0.0,0.0,0.0,0.0,0.0,0.0,0.0,0.0,0.0,0.0,0.0,0.0,0.0,0.0,0.0,0.0,0.0,0.0,0.0,0.0,0,0,0.0,555,511,560,1,572,561,569,561,498,541,498,531,538,531,545,557,561,553,550,539,520,525,556,547,563,254,568,257,38,568
23.0,51,14,37,0.275,19.8,3.6,9.1,0.396,1.2,3.6,0.33,1.7,2.1,0.807,0.4,2.0,2.4,3.5,1.3,0.9,0.4,0.5,1.8,1.6,10.1,-2.1,20.7,1,0,19.6,284,361,86,464,254,190,144,456,191,168,330,135,139,200,395,317,334,107,161,136,235,161,183,178,178,411,190,190,38,197
23.0,65,25,40,0.385,18.1,2.5,6.3,0.403,0.7,2.5,0.293,0.7,1.0,0.691,0.8,2.4,3.2,1.2,0.9,0.4,0.2,0.5,1.1,0.9,6.5,-3.5,13.2,0,0,12.9,181,247,67,400,276,272,237,438,283,242,395,308,284,398,225,252,249,309,250,354,378,171,388,313,280,486,321,257,38,312
36.0,68,42,26,0.618,17.2,1.5,3.3,0.436,1.0,2.4,0.435,0.4,0.5,0.824,0.3,1.8,2.1,3.0,1.0,0.6,0.1,0.1,1.3,0.5,4.4,2.4,12.5,0,0,11.9,148,88,230,142,291,406,408,347,217,261,29,400,422,165,465,331,369,128,222,241,487,502,337,434,377,103,335,257,38,333
30.0,3,1,2,0.333,2.0,0.3,0.7,0.5,0.0,0.0,0.0,0.0,0.0,0.0,0.0,0.7,0.7,0.0,0.0,0.0,0.3,0.0,0.0,0.0,0.7,-3.7,2.5,0,0,2.0,549,538,535,432,569,548,561,139,498,541,498,531,538,531,545,505,527,553,550,539,256,525,556,547,554,491,546,257,38,553
23.0,70,41,29,0.586,12.5,1.8,2.5,0.72,0.0,0.1,0.0,0.7,1.2,0.622,1.0,2.0,3.0,0.5,0.6,0.5,0.4,0.2,1.8,1.1,4.3,-1.5,10.7,2,0,9.6,128,97,179,197,388,351,458,4,498,516,498,306,267,459,176,306,284,484,339,328,214,365,212,253,381,375,368,157,38,377
24.0,1,1,0,1.0,3.4,2.0,5.0,0.4,0.0,1.0,0.0,0.0,0.0,0.0,1.0,1.0,2.0,0.0,0.0,0.0,0.0,1.0,0.0,0.0,4.0,3.0,6.4,0,0,6.0,565,538,560,1,546,326,292,442,498,410,498,531,538,531,169,449,377,553,550,539,520,34,556,547,398,81,476,257,38,473
19.0,2,1,1,0.5,12.0,0.5,2.5,0.2,0.0,1.5,0.0,0.5,1.0,0.5,0.0,2.0,2.0,1.5,0.0,0.0,0.5,0.5,0.0,0.5,1.5,-11.0,7.7,0,0,6.0,555,538,546,300,398,528,458,552,498,352,498,378,298,494,545,309,377,253,550,539,164,172,556,417,523,571,443,257,38,473
26.0,38,25,13,0.658,7.4,1.3,2.7,0.471,1.0,2.2,0.435,0.1,0.1,1.0,0.2,0.9,1.1,0.6,0.2,0.1,0.2,0.0,0.6,0.1,3.6,-0.9,6.6,0,0,6.9,361,247,412,89,488,428,448,218,232,273,27,526,534,1,505,478,491,446,517,506,366,523,483,536,420,328,470,257,38,451
24.0,13,3,10,0.231,16.4,2.6,6.0,0.436,0.5,2.2,0.207,0.5,0.7,0.778,0.5,1.4,1.8,1.5,0.5,0.3,0.2,0.2,1.2,0.6,6.2,-2.5,11.5,0,0,10.9,480,489,440,498,311,259,248,348,352,274,458,369,384,259,371,398,402,264,372,410,390,439,371,392,293,438,353,257,38,349
29.0,68,38,30,0.559,28.8,5.1,12.1,0.421,1.6,4.9,0.325,2.3,3.0,0.766,0.6,3.5,4.1,5.1,1.7,1.1,0.5,0.7,1.8,2.3,14.0,1.8,29.7,6,0,28.0,148,124,168,253,118,109,88,402,126,101,335,92,90,277,311,136,169,50,92,57,164,98,199,105,106,130,91,93,38,98
24.0,17,10,7,0.588,6.6,1.2,3.2,0.37,0.2,0.9,0.2,0.6,1.0,0.647,0.2,0.5,0.8,1.0,0.4,0.1,0.1,0.3,0.2,0.9,3.2,-3.4,5.5,0,0,5.4,453,403,464,191,496,447,420,492,439,432,460,335,298,446,481,517,523,363,432,532,498,306,543,307,447,481,495,257,38,493
24.0,76,37,39,0.487,29.1,4.7,9.5,0.501,1.6,3.9,0.403,1.1,1.4,0.81,0.7,2.1,2.8,3.2,1.4,0.9,0.5,0.8,2.2,1.1,12.2,-2.1,23.1,1,0,22.5,61,139,73,329,114,134,136,138,129,141,79,206,224,196,262,298,297,119,144,128,182,80,110,258,138,409,163,190,38,160
31.0,76,54,22,0.711,31.6,3.6,7.7,0.46,1.6,4.1,0.406,1.3,1.5,0.894,0.4,2.0,2.4,2.4,1.0,1.3,0.6,0.2,2.0,1.3,10.1,7.5,21.1,0,0,20.2,61,18,302,47,80,196,185,255,116,136,75,175,199,56,401,309,331,165,221,27,147,416,158,217,179,6,182,257,38,188
26.0,69,17,52,0.246,37.4,8.1,17.5,0.462,2.3,6.5,0.349,2.5,3.1,0.825,1.0,6.3,7.3,3.3,2.0,0.9,0.5,0.9,1.7,2.5,21.0,-9.2,37.1,19,0,36.8,138,331,19,489,4,31,30,244,56,45,265,81,85,163,164,27,42,112,68,102,178,48,225,88,42,570,51,34,38,43
25.0,26,14,12,0.538,10.0,1.3,3.0,0.43,0.4,1.2,0.355,0.7,0.9,0.783,0.6,0.8,1.4,0.4,0.3,0.4,0.2,0.1,0.8,0.6,3.7,-1.0,7.4,0,0,7.1,406,361,422,278,445,426,427,372,368,390,248,322,331,252,309,483,454,504,468,374,362,472,449,403,413,338,446,257,38,445
25.0,24,4,20,0.167,12.8,1.5,3.5,0.44,1.0,2.2,0.453,1.2,1.3,0.906,0.3,1.8,2.1,0.5,0.6,0.3,0.3,0.2,1.7,0.9,5.3,-3.1,9.8,0,0,10.1,416,482,321,530,381,387,388,328,221,277,21,188,232,47,430,335,363,490,353,398,287,428,230,308,331,471,386,257,38,369
31.0,50,9,41,0.18,9.3,1.5,3.2,0.469,0.2,0.8,0.244,0.6,0.7,0.806,0.7,1.1,1.9,0.7,0.5,0.3,0.2,0.3,1.0,0.6,3.8,0.1,8.0,0,0,7.5,291,412,59,526,454,396,419,224,431,436,443,353,372,203,249,434,399,435,410,441,342,285,434,401,410,240,433,257,38,436
25.0,15,8,7,0.533,6.5,0.7,1.3,0.579,0.1,0.4,0.333,0.7,1.0,0.667,0.7,1.7,2.4,0.1,0.2,0.0,0.5,0.0,1.2,0.7,2.3,0.1,6.5,0,0,5.9,467,423,464,280,498,500,526,56,449,478,302,326,298,424,281,342,332,548,511,539,188,525,356,372,487,245,473,257,38,479
31.0,82,49,33,0.598,23.5,4.9,8.8,0.559,0.5,1.5,0.308,2.0,2.5,0.785,2.3,6.5,8.8,2.1,1.4,0.4,0.8,0.6,2.7,2.4,12.2,1.9,28.3,33,0,26.0,2,29,128,177,201,124,150,73,355,360,362,112,114,247,36,22,23,188,146,362,62,143,44,95,134,122,105,15,38,121
27.0,1,0,1,0.0,7.4,0.0,4.0,0.0,0.0,2.0,0.0,0.0,0.0,0.0,0.0,1.0,1.0,0.0,0.0,0.0,0.0,1.0,0.0,0.0,0.0,-2.0,1.2,0,0,1.0,565,560,546,560,484,561,352,561,498,290,498,531,538,531,545,449,493,553,550,539,520,34,556,547,563,403,561,257,38,563
24.0,26,2,24,0.077,10.9,1.0,2.0,0.481,0.3,0.8,0.45,0.4,0.6,0.667,0.3,1.5,1.8,0.9,0.2,0.3,0.4,0.2,0.7,0.5,2.7,-1.0,8.2,0,0,7.2,406,511,263,556,423,473,490,193,391,442,23,412,409,424,429,381,402,384,503,410,207,401,460,438,465,338,429,257,38,444
26.0,75,47,28,0.627,25.3,3.1,4.9,0.644,0.0,0.0,0.333,1.5,2.1,0.707,3.3,5.1,8.3,2.5,1.2,1.2,1.1,0.4,2.8,1.8,7.8,5.4,27.2,10,0,23.2,76,45,193,126,178,223,302,26,497,528,302,159,145,379,7,50,28,159,165,49,25,242,33,144,234,22,120,59,38,146
24.0,46,12,34,0.261,9.8,1.6,3.4,0.471,0.4,1.4,0.297,0.5,0.7,0.735,1.0,2.2,3.2,1.1,0.4,0.2,0.3,0.2,0.8,0.6,4.1,1.0,10.4,3,0,9.6,315,384,113,470,447,380,404,219,373,372,382,365,363,344,179,286,260,348,431,500,306,354,454,404,391,173,374,135,38,376
24.0,3,2,1,0.667,3.1,0.3,0.7,0.5,0.0,0.0,0.0,0.3,0.7,0.5,0.0,0.3,0.3,0.0,0.0,0.0,0.0,0.0,0.3,0.3,1.0,2.0,1.4,0,0,1.3,549,511,546,76,549,548,561,139,498,541,498,434,391,494,545,537,549,553,550,539,520,525,522,469,544,116,560,257,38,560
20.0,82,57,25,0.695,20.6,2.6,5.4,0.491,1.2,2.9,0.419,0.4,0.5,0.784,0.6,1.6,2.3,1.5,0.5,0.9,0.5,0.3,1.6,0.5,6.8,1.5,15.4,0,0,14.5,2,4,242,60,237,256,276,165,187,227,45,427,446,250,292,353,349,263,370,107,195,320,257,437,267,138,272,257,38,270
27.0,43,5,38,0.116,9.1,1.9,3.9,0.485,0.3,1.1,0.283,0.7,1.1,0.653,0.8,1.2,2.0,0.8,0.5,0.6,0.1,0.4,1.4,1.1,4.8,-3.2,10.2,1,0,9.4,330,466,77,552,460,345,360,182,402,407,407,297,272,444,226,433,386,408,400,242,436,230,294,257,353,475,379,190,38,384
30.0,68,38,30,0.559,28.0,4.5,9.9,0.45,2.8,7.0,0.395,1.2,1.3,0.889,0.2,2.3,2.5,2.8,1.4,0.7,0.2,0.4,2.4,1.1,12.9,0.6,21.5,0,0,22.8,148,124,168,253,128,145,127,290,25,30,106,196,236,57,489,266,325,138,138,220,329,251,77,251,124,201,179,257,38,155
28.0,58,33,25,0.569,20.0,2.5,5.5,0.445,1.4,3.8,0.384,0.8,1.2,0.7,1.1,3.4,4.4,1.2,0.7,0.3,0.3,0.3,1.5,1.2,7.2,3.1,15.6,1,0,15.6,232,173,242,229,247,281,265,309,146,147,145,264,261,388,159,147,141,307,321,420,263,335,279,240,247,78,266,190,38,250
27.0,23,15,8,0.652,3.7,0.4,1.1,0.385,0.3,0.7,0.375,0.0,0.1,0.0,0.1,0.6,0.7,0.3,0.2,0.0,0.0,0.1,0.4,0.1,1.1,-0.6,2.4,0,0,2.5,420,347,456,98,539,543,534,475,414,447,168,531,531,531,523,513,526,524,507,538,520,463,516,522,540,304,547,257,38,540
32.0,53,17,36,0.321,11.3,1.1,2.9,0.359,0.5,1.8,0.292,0.3,0.5,0.68,0.7,1.6,2.4,0.7,0.4,0.2,0.2,0.2,1.0,0.6,3.0,-1.7,7.7,0,0,7.4,278,331,99,445,415,458,436,504,333,319,396,442,438,410,255,357,339,434,430,488,324,407,429,400,454,385,441,257,38,438
24.0,5,0,5,0.0,25.1,1.2,4.6,0.261,0.0,1.4,0.0,0.2,0.4,0.5,0.8,2.6,3.4,1.0,0.4,0.8,0.0,0.2,3.6,1.0,2.6,-13.0,10.2,0,0,8.6,536,560,494,560,181,444,318,546,498,370,498,479,458,494,230,234,236,363,437,167,520,387,1,275,467,572,377,257,38,407
23.0,19,3,16,0.158,10.8,1.5,2.1,0.725,0.0,0.1,0.0,0.3,0.3,0.833,1.2,2.8,4.0,1.1,0.8,0.4,0.9,0.1,1.6,0.5,3.3,-2.4,12.9,0,0,11.1,446,489,375,536,428,391,487,2,498,526,498,461,479,135,130,212,177,333,274,352,52,514,243,412,435,433,324,257,38,347
31.0,39,15,24,0.385,28.7,5.6,12.7,0.44,2.1,5.1,0.412,2.4,3.0,0.819,0.7,3.1,3.8,5.5,1.5,0.7,0.2,0.7,1.5,2.4,15.7,-2.1,29.7,4,0,28.9,355,347,263,400,119,91,80,332,65,90,62,85,87,175,259,169,201,38,114,214,352,87,274,96,85,408,92,120,38,92
30.0,48,24,24,0.5,9.3,1.0,1.7,0.617,0.0,0.1,0.0,0.4,0.7,0.588,1.0,1.7,2.7,1.0,0.6,0.2,0.7,0.2,1.4,0.5,2.5,3.0,9.5,0,0,8.0,306,257,263,300,456,459,509,33,498,525,498,398,377,473,184,346,314,355,358,459,94,381,314,408,472,82,398,257,38,421
27.0,66,39,27,0.591,20.7,2.3,5.0,0.465,1.2,2.9,0.396,0.3,0.5,0.639,1.0,2.2,3.2,1.1,0.5,0.8,0.5,0.2,1.8,0.6,6.1,0.1,14.8,0,0,14.0,170,117,213,186,236,296,294,233,197,223,105,429,416,451,177,290,264,352,380,166,192,378,203,385,296,239,286,257,38,284
31.0,79,35,44,0.443,30.4,6.0,13.9,0.428,3.0,8.1,0.374,1.9,2.1,0.921,0.7,2.8,3.4,3.1,1.4,1.2,0.3,0.6,2.3,1.6,16.9,1.6,28.9,1,0,29.6,30,155,40,364,94,80,67,384,16,14,177,118,151,36,280,215,231,121,134,36,262,117,96,170,75,137,100,190,38,84
35.0,33,12,21,0.364,13.3,2.0,3.3,0.602,0.0,0.2,0.143,0.2,0.5,0.4,1.4,1.7,3.1,1.7,0.5,0.7,0.2,0.3,1.5,0.5,4.2,-1.2,12.6,0,0,10.7,380,384,312,415,370,334,416,40,488,504,478,487,444,523,96,343,271,219,414,212,392,301,277,441,390,352,331,257,38,354
35.0,73,43,30,0.589,20.0,2.2,5.2,0.417,0.8,2.5,0.337,1.0,1.2,0.822,0.7,2.6,3.3,2.9,0.9,0.6,0.4,0.2,1.8,1.3,6.2,-0.8,16.6,2,0,15.2,99,79,168,190,246,312,284,408,252,250,294,229,258,169,278,233,247,132,243,259,204,403,213,214,295,325,250,157,38,258
21.0,69,48,21,0.696,13.0,1.4,3.3,0.417,0.8,2.1,0.368,0.5,0.6,0.805,0.5,2.9,3.4,1.6,0.5,0.4,0.4,0.1,1.4,0.8,4.0,1.8,12.4,0,0,11.3,138,36,312,59,373,416,412,409,275,287,203,387,404,205,337,196,238,236,398,361,225,447,303,336,398,128,337,257,38,341
20.0,17,8,9,0.471,11.5,2.0,5.4,0.37,0.5,2.4,0.225,0.2,0.5,0.5,0.4,1.6,1.9,1.6,0.6,0.4,0.3,0.4,1.2,0.5,4.8,-2.1,11.0,0,0,10.2,453,423,444,342,408,326,274,493,332,263,448,472,439,494,423,365,393,239,352,356,283,216,367,434,355,406,362,257,38,366
28.0,42,22,20,0.524,12.2,2.0,4.5,0.44,1.1,2.9,0.375,0.3,0.4,0.8,0.7,1.6,2.3,0.5,0.3,0.5,0.2,0.2,1.0,0.4,5.4,0.0,10.4,0,0,10.5,341,276,321,293,395,326,321,330,211,226,168,455,468,212,260,367,345,493,475,333,381,374,409,453,326,248,372,257,38,361
22.0,11,7,4,0.636,5.8,0.9,1.7,0.526,0.0,0.0,0.0,0.8,1.3,0.643,1.4,0.8,2.2,0.4,0.2,0.5,0.1,0.3,0.4,0.9,2.6,-0.2,7.3,0,0,6.3,485,440,510,108,506,477,508,107,498,541,498,272,243,447,107,487,358,509,518,343,468,325,518,301,466,267,453,257,38,465
25.0,57,30,27,0.526,18.5,2.5,6.7,0.369,0.7,2.5,0.298,0.8,1.0,0.746,1.5,2.9,4.4,2.7,1.0,0.8,0.3,0.5,1.3,0.9,6.5,-1.6,18.4,4,0,16.7,241,201,213,290,269,279,218,496,284,251,377,286,289,330,81,192,140,147,225,146,270,182,327,305,284,383,224,120,38,235
24.0,17,2,15,0.118,14.4,1.9,3.9,0.5,0.7,1.8,0.387,0.3,0.5,0.625,0.2,1.8,1.9,0.8,0.4,0.2,0.8,0.2,1.6,0.4,4.9,-2.3,10.9,0,0,10.2,453,511,390,551,348,335,362,139,293,317,129,453,439,457,506,339,393,405,432,483,78,421,241,450,352,423,363,257,38,366
30.0,9,5,4,0.556,25.6,5.0,8.3,0.6,1.1,3.0,0.37,1.1,1.4,0.769,2.2,5.2,7.4,0.6,0.8,1.1,0.9,0.4,2.1,1.0,12.2,3.1,27.2,1,0,25.3,498,466,510,259,174,115,166,43,202,214,194,207,208,274,40,49,40,463,277,58,54,199,129,275,133,74,118,190,38,127
24.0,43,15,28,0.349,9.4,1.4,3.7,0.38,0.3,1.5,0.203,1.0,1.3,0.786,0.5,1.9,2.4,0.4,0.7,0.1,0.2,0.4,0.7,0.9,4.1,-1.2,7.8,1,0,7.8,330,347,193,424,452,411,376,484,402,357,459,225,240,246,343,325,335,496,325,513,385,230,457,303,392,349,437,190,38,427
30.0,61,22,39,0.361,33.4,7.2,16.4,0.443,2.4,6.7,0.363,2.8,3.2,0.869,0.6,3.5,4.0,5.6,1.7,1.0,0.3,1.0,1.7,2.9,19.8,-4.8,35.4,4,0,34.6,206,276,73,417,49,56,39,319,43,40,218,64,76,78,310,138,175,34,89,70,250,44,236,68,52,520,57,120,38,54
22.0,74,19,55,0.257,19.8,2.2,5.4,0.408,1.4,3.7,0.365,1.0,1.2,0.815,0.6,2.2,2.8,1.4,0.8,0.6,0.6,0.3,1.0,0.9,6.8,-1.9,15.1,0,0,14.8,87,307,11,471,249,308,273,429,155,148,211,230,252,185,317,287,302,270,279,233,139,328,403,319,270,397,279,257,38,264
23.0,22,9,13,0.409,24.6,2.3,4.7,0.49,1.3,3.1,0.412,0.2,0.3,0.833,0.5,1.9,2.4,2.3,0.9,0.6,0.3,0.3,2.2,0.5,6.1,0.0,14.1,0,0,13.8,427,412,412,379,189,296,312,166,166,199,63,474,485,135,346,324,337,176,237,257,298,286,111,417,296,250,302,257,38,291
24.0,31,12,19,0.387,6.1,0.6,1.3,0.513,0.1,0.3,0.222,0.1,0.2,0.8,0.5,0.6,1.2,0.3,0.2,0.2,0.1,0.1,0.5,0.1,1.5,0.5,3.9,0,0,3.5,392,384,337,399,502,509,527,122,482,490,449,502,511,212,326,509,480,521,505,494,497,505,493,534,527,203,517,257,38,519
26.0,72,42,30,0.583,26.0,5.5,12.4,0.443,2.1,5.9,0.35,2.4,2.8,0.829,0.4,2.6,2.9,5.1,2.1,0.6,0.5,0.8,2.2,2.3,15.4,0.1,28.1,2,0,27.9,108,88,168,201,166,93,85,314,71,58,261,90,92,152,407,239,289,46,64,243,151,83,113,102,91,238,108,157,38,101
19.0,23,10,13,0.435,16.1,2.2,4.0,0.538,0.5,1.4,0.364,0.9,1.3,0.7,1.1,2.4,3.5,0.8,0.7,0.3,0.7,0.3,1.1,1.2,5.8,-2.3,13.7,1,0,12.7,420,403,412,369,316,311,349,90,336,366,213,248,238,388,143,258,227,415,323,394,91,265,393,227,306,427,311,190,38,314
22.0,5,0,5,0.0,12.3,1.6,4.2,0.381,0.8,2.0,0.4,2.2,2.4,0.917,0.6,0.8,1.4,0.6,1.0,0.6,0.2,0.2,1.0,1.6,6.2,-5.0,10.2,0,0,10.6,536,560,494,560,391,377,335,480,262,290,87,97,120,39,298,489,459,454,211,254,354,387,409,173,294,526,377,257,38,357
24.0,9,2,7,0.222,10.5,1.1,3.1,0.357,0.1,1.0,0.111,0.0,0.0,0.0,0.3,1.8,2.1,1.2,1.0,0.1,0.0,0.2,1.1,0.1,2.3,-1.7,6.0,0,0,6.0,498,511,464,502,434,453,423,507,460,410,492,531,538,531,430,337,366,312,211,514,520,367,387,528,481,384,481,257,38,473
23.0,69,41,28,0.594,27.3,3.4,7.0,0.49,1.2,3.1,0.391,1.3,2.0,0.679,1.0,2.0,3.0,1.9,0.8,0.8,0.5,0.5,2.0,1.7,9.4,0.6,19.0,0,0,18.1,138,97,193,180,138,202,207,168,183,197,121,170,157,413,181,305,285,207,275,156,172,158,150,156,195,198,216,257,38,216
23.0,37,20,17,0.541,14.6,2.6,6.8,0.386,1.2,3.6,0.326,0.5,0.6,0.783,0.1,1.4,1.5,2.5,1.2,0.7,0.1,0.5,1.4,0.9,6.9,-1.8,13.7,1,0,13.7,368,297,359,275,344,258,215,472,190,154,334,383,399,252,522,403,443,158,182,207,451,156,313,296,261,391,309,190,38,293
37.0,78,39,39,0.5,16.8,2.1,4.7,0.456,0.7,2.1,0.331,1.6,1.9,0.819,0.6,1.7,2.3,0.9,0.6,0.2,0.4,0.2,1.3,1.3,6.5,-1.0,11.8,0,0,11.6,43,117,73,300,304,314,315,267,298,288,326,151,165,176,305,348,348,388,351,466,221,384,339,211,281,334,349,257,38,339
22.0,82,41,41,0.5,31.7,6.9,16.2,0.423,2.5,7.4,0.332,3.5,4.3,0.804,0.5,4.7,5.2,3.5,2.3,0.8,0.3,1.3,1.4,3.4,19.6,0.4,32.3,7,1,33.1,2,97,59,300,76,60,40,397,42,23,324,47,44,207,346,67,106,101,45,163,252,10,305,49,54,218,75,84,16,64
30.0,20,7,13,0.35,30.2,5.1,11.9,0.43,2.1,6.7,0.313,2.2,2.8,0.768,0.3,2.4,2.7,4.3,3.1,2.1,0.3,0.3,2.7,2.9,14.5,-1.0,27.9,0,0,28.1,439,440,412,423,95,107,91,372,66,41,354,102,95,276,444,262,317,74,13,1,313,342,45,67,103,335,110,257,38,97
23.0,60,33,27,0.55,12.4,1.6,3.0,0.536,0.1,0.5,0.286,0.4,0.7,0.537,0.7,1.5,2.2,0.9,0.5,0.4,0.2,0.5,1.7,0.5,3.7,-0.1,8.8,1,0,8.0,215,173,213,263,389,375,429,93,449,471,402,421,387,492,273,381,357,396,373,379,354,185,230,428,412,264,412,190,38,422
25.0,38,25,13,0.658,26.9,3.7,9.5,0.386,2.0,5.6,0.36,1.7,2.1,0.835,0.7,3.0,3.7,3.0,1.0,1.6,0.4,0.6,2.2,1.5,11.1,5.7,25.0,0,0,23.8,361,247,412,89,149,183,135,473,77,68,228,134,149,133,251,181,205,126,206,10,209,139,104,181,154,19,140,257,38,137
24.0,10,0,10,0.0,8.4,0.9,2.9,0.31,0.8,2.5,0.32,0.8,1.0,0.8,0.3,0.7,1.0,0.3,0.0,0.0,0.1,0.1,0.5,0.5,3.4,2.1,5.4,0,0,5.7,493,560,440,560,473,478,439,532,262,245,344,278,298,212,444,502,493,525,550,539,459,482,497,417,428,111,497,257,38,484
20.0,20,8,12,0.4,8.5,0.9,3.1,0.29,0.5,2.0,0.256,0.1,0.1,1.0,0.1,0.8,0.9,0.3,0.4,0.1,0.1,0.2,0.3,0.1,2.4,-2.6,3.9,0,0,4.4,439,423,422,385,469,478,424,541,339,299,429,510,523,1,529,489,510,532,437,536,459,442,533,544,478,439,516,257,38,509
27.0,66,11,55,0.167,29.3,4.9,10.1,0.489,1.6,3.9,0.414,0.5,0.6,0.8,0.3,2.4,2.7,7.3,1.0,1.1,0.3,0.3,0.7,0.7,12.0,-7.5,29.3,9,1,26.3,170,392,11,530,109,122,123,169,122,142,57,386,402,212,442,254,309,12,211,64,298,264,461,354,140,561,96,64,16,115
20.0,32,8,24,0.25,18.3,2.7,6.8,0.39,1.1,3.6,0.296,1.2,1.3,0.902,0.5,2.7,3.2,1.7,1.5,0.4,0.2,0.4,1.3,1.0,7.5,-5.4,14.2,1,0,14.7,385,423,263,474,273,253,213,468,213,161,387,198,241,51,346,221,262,221,121,360,364,218,325,270,240,535,298,190,38,268
23.0,16,9,7,0.563,3.7,0.6,1.0,0.563,0.0,0.0,0.0,0.4,0.4,1.0,0.4,0.4,0.8,0.2,0.2,0.1,0.0,0.1,0.7,0.2,1.5,-2.8,2.9,0,0,2.7,461,412,464,243,537,519,542,70,498,541,498,415,463,1,410,534,524,542,516,508,520,464,467,509,523,455,537,257,38,538
20.0,33,18,15,0.545,10.3,1.4,3.3,0.409,0.7,1.7,0.4,0.2,0.3,0.889,0.4,1.5,1.9,1.2,0.5,0.5,0.3,0.0,0.9,0.4,3.6,0.6,9.6,0,0,9.0,380,316,390,270,437,417,409,427,299,334,87,471,485,57,416,371,397,313,380,343,256,522,443,461,418,199,391,257,38,390
21.0,59,33,26,0.559,26.1,5.0,11.2,0.446,1.4,3.6,0.374,3.1,3.8,0.821,1.0,2.9,4.0,2.0,1.6,0.6,0.2,1.3,2.0,2.8,14.5,-1.6,23.1,3,0,23.5,225,173,230,252,165,113,103,302,156,155,179,55,57,172,167,184,181,196,99,255,328,13,159,72,102,376,162,135,38,141
24.0,69,17,52,0.246,29.5,5.7,12.5,0.454,1.8,5.3,0.346,2.5,3.2,0.792,1.4,4.1,5.5,2.8,1.4,0.7,0.3,0.8,2.2,2.4,15.7,-5.0,28.1,9,0,27.9,138,331,19,489,106,89,84,281,94,80,276,79,78,233,101,91,85,137,126,194,289,70,118,93,86,530,107,64,38,100
27.0,6,4,2,0.667,4.3,0.3,0.7,0.5,0.0,0.3,0.0,0.0,0.0,0.0,0.3,0.3,0.7,0.8,0.2,0.0,0.0,0.0,0.2,0.0,0.7,-1.0,2.6,0,0,2.2,525,482,535,76,531,548,561,139,498,482,498,531,538,531,430,537,527,399,524,539,520,525,550,547,554,335,543,257,38,549
28.0,39,24,15,0.615,6.9,1.1,1.8,0.597,0.1,0.4,0.214,0.5,0.5,0.857,0.5,1.1,1.6,0.4,0.3,0.2,0.3,0.1,0.7,0.5,2.7,-2.3,6.4,0,0,5.8,355,257,390,151,494,454,499,47,479,481,453,390,418,98,342,442,429,504,452,481,256,497,466,415,462,425,475,257,38,483
26.0,66,41,25,0.621,19.0,2.6,5.6,0.463,0.9,2.3,0.387,1.0,1.3,0.791,0.8,2.8,3.6,1.9,1.0,0.7,0.2,0.3,1.4,1.0,7.1,3.1,16.1,0,0,15.4,170,97,242,137,261,266,262,240,243,270,133,221,239,235,229,204,213,205,223,190,367,286,312,275,254,76,259,257,38,253
25.0,38,18,20,0.474,10.9,0.9,2.4,0.378,0.1,0.3,0.2,0.3,0.4,0.765,0.3,1.1,1.3,2.4,0.5,0.3,0.1,0.1,0.7,0.4,2.2,-2.5,8.0,0,0,6.7,361,316,321,340,427,480,473,486,484,494,460,431,447,279,454,446,464,163,376,422,482,461,476,459,492,435,434,257,38,455
21.0,59,11,48,0.186,14.9,1.7,3.9,0.439,0.6,1.7,0.333,1.1,1.4,0.776,0.3,1.4,1.7,0.9,0.5,0.4,0.2,0.3,1.3,1.3,5.1,-3.9,9.6,0,0,9.3,225,392,31,520,339,359,359,335,320,328,302,205,209,263,455,390,416,392,382,390,377,327,342,218,339,500,393,257,38,386
24.0,28,24,4,0.857,11.9,2.4,3.7,0.644,0.0,0.0,0.0,0.7,1.0,0.714,1.9,2.5,4.4,0.7,0.5,0.5,0.8,0.4,1.8,0.9,5.5,4.8,15.0,2,0,13.0,399,257,510,14,399,288,372,25,498,541,498,314,298,369,55,248,148,429,406,341,83,206,195,317,315,32,282,157,38,309
33.0,78,31,47,0.397,22.5,3.5,6.4,0.555,0.8,2.0,0.387,1.9,2.3,0.833,1.4,3.9,5.3,4.4,1.9,0.9,0.4,0.3,2.9,2.6,9.8,-3.4,24.8,6,0,22.9,43,193,35,391,211,198,233,83,272,296,129,115,130,135,98,104,100,70,71,99,227,317,22,85,189,482,142,93,38,154
20.0,9,9,0,1.0,9.3,0.7,1.7,0.4,0.2,1.0,0.222,0.1,0.2,0.5,0.6,1.7,2.2,0.6,0.3,0.6,0.1,0.0,1.2,0.3,1.7,5.2,6.8,0,0,6.0,498,412,560,1,455,503,511,442,424,410,449,505,496,494,325,349,352,463,452,280,444,525,351,469,515,28,466,257,38,473
20.0,6,1,5,0.167,6.7,1.0,2.5,0.4,0.2,0.8,0.2,0.3,0.3,1.0,0.7,0.2,0.8,0.0,0.3,0.5,0.0,0.3,0.3,0.2,2.5,-6.5,4.7,0,0,4.5,525,538,494,530,495,460,458,442,440,435,460,434,472,1,281,550,516,553,452,314,520,272,522,514,472,548,507,257,38,506
25.0,5,3,2,0.6,5.5,0.4,1.6,0.25,0.4,1.4,0.286,0.2,0.4,0.5,0.2,0.8,1.0,1.0,0.4,0.2,0.0,0.2,0.6,0.4,1.4,-1.4,4.3,0,0,4.2,536,489,535,170,510,544,516,547,375,370,402,479,458,494,499,489,493,363,437,467,520,387,484,455,531,363,511,257,38,510
22.0,15,11,4,0.733,3.3,0.6,1.6,0.375,0.4,1.1,0.353,0.2,0.4,0.5,0.1,0.1,0.2,0.4,0.3,0.3,0.0,0.2,0.1,0.2,1.8,1.9,3.3,0,0,3.5,467,392,510,41,547,517,516,487,375,401,253,479,458,494,536,552,558,502,452,398,520,387,552,503,507,126,527,257,38,522
21.0,13,1,12,0.077,6.0,1.1,2.1,0.519,0.2,0.3,0.75,1.0,1.3,0.765,0.2,0.8,1.0,1.1,0.6,0.8,0.2,0.2,0.6,1.1,3.4,4.8,8.6,0,0,7.7,480,538,422,556,503,455,488,114,423,486,5,231,237,279,516,483,493,345,337,182,331,439,480,262,430,34,417,257,38,430
26.0,2,1,1,0.5,3.0,1.0,1.5,0.667,0.0,0.0,0.0,0.0,0.0,0.0,0.0,1.0,1.0,0.5,0.5,0.0,0.0,0.0,1.5,0.0,2.0,0.0,3.5,0,0,3.5,555,538,546,300,552,460,519,12,498,541,498,531,538,531,545,449,493,474,385,539,520,525,268,547,498,254,523,257,38,520
24.0,10,2,8,0.2,7.2,1.0,2.4,0.417,0.3,1.0,0.3,0.0,0.1,0.0,0.3,0.7,1.0,0.6,0.2,0.2,0.0,0.2,0.6,0.2,2.3,-3.0,4.8,0,0,4.6,493,511,456,510,491,460,469,409,404,410,371,531,523,531,444,502,493,454,511,467,520,387,484,503,484,464,504,257,38,503
23.0,68,42,26,0.618,19.5,3.0,6.7,0.452,1.6,3.9,0.41,0.6,0.7,0.86,0.5,1.0,1.5,1.7,0.4,0.7,0.1,0.3,1.6,0.8,8.3,-0.2,14.6,0,0,14.7,148,88,230,142,257,225,220,288,123,140,69,343,366,93,374,448,445,223,420,196,457,295,254,324,218,274,288,257,38,267
37.0,36,11,25,0.306,11.5,0.9,2.7,0.351,0.7,1.9,0.348,0.5,0.7,0.75,0.3,1.2,1.5,0.6,0.2,0.4,0.3,0.2,1.2,0.6,3.1,-1.9,7.8,0,0,7.3,370,392,242,451,409,474,451,514,299,305,269,378,391,307,473,426,444,445,506,346,276,428,359,406,450,398,438,257,38,439
35.0,68,41,27,0.603,27.8,4.0,9.1,0.443,2.2,5.8,0.378,0.8,0.9,0.797,0.2,1.6,1.8,2.0,1.1,1.0,0.4,0.6,1.2,0.9,11.0,1.9,19.4,0,0,19.9,148,97,213,167,132,164,146,315,59,62,160,293,320,224,481,369,412,194,199,97,199,133,370,294,155,123,212,257,38,191
23.0,7,2,5,0.286,17.4,2.6,5.0,0.514,0.7,1.9,0.385,1.0,1.4,0.7,1.6,3.7,5.3,0.3,0.7,0.9,0.6,0.3,1.4,1.1,6.9,1.3,17.2,1,0,16.0,518,511,494,459,286,267,292,120,291,315,140,231,212,388,77,113,98,527,296,141,136,311,299,249,265,152,241,190,38,244
23.0,58,41,17,0.707,9.9,1.2,2.6,0.463,0.1,0.4,0.261,0.7,1.1,0.677,1.1,1.1,2.2,0.6,0.5,0.3,0.7,0.4,1.4,1.3,3.2,-2.9,8.9,0,0,7.8,232,97,359,49,446,445,457,241,465,479,427,307,281,418,159,439,360,466,404,442,105,228,307,210,445,462,410,257,38,426
21.0,67,38,29,0.567,14.1,1.5,3.6,0.427,0.6,1.8,0.356,0.5,0.7,0.783,0.2,1.9,2.1,0.9,0.5,0.3,0.3,0.3,0.9,0.4,4.2,-0.3,9.3,0,0,9.0,166,124,179,233,356,389,381,387,306,325,243,370,386,252,488,322,364,389,378,419,311,294,448,448,384,277,403,257,38,393
21.0,80,56,24,0.7,25.1,5.0,10.6,0.475,1.0,3.0,0.337,1.3,1.6,0.806,1.4,5.0,6.4,4.8,2.1,0.7,0.6,0.9,1.4,1.2,12.3,4.7,28.8,10,3,27.0,23,10,263,52,179,111,117,206,218,210,291,180,188,201,97,53,65,63,62,231,148,54,310,230,131,36,102,59,8,109
31.0,84,46,38,0.548,25.7,4.4,10.1,0.436,2.6,6.8,0.386,0.6,0.7,0.881,0.7,2.5,3.2,2.8,1.2,0.8,0.5,0.4,2.0,0.5,12.1,0.8,22.9,1,0,23.3,1,52,77,266,170,147,121,346,34,37,135,347,379,65,258,245,259,141,167,150,164,234,153,430,139,184,164,190,38,142
20.0,33,21,12,0.636,11.1,1.5,3.5,0.422,0.6,2.1,0.3,0.4,0.5,0.875,0.3,1.2,1.5,1.1,0.6,0.2,0.2,0.1,0.7,0.4,4.0,0.0,8.2,0,0,8.1,380,289,422,108,419,401,386,398,304,285,371,396,431,72,442,418,437,332,355,453,392,488,470,446,396,252,432,257,38,418
27.0,67,26,41,0.388,27.8,4.1,8.7,0.478,0.8,2.4,0.323,1.7,2.1,0.824,0.8,3.4,4.2,2.9,1.3,0.9,0.3,0.6,2.2,1.5,10.8,-3.4,22.3,2,0,21.0,166,241,59,398,131,156,154,202,268,255,339,130,142,164,232,142,161,134,159,137,311,129,105,188,164,485,173,157,38,177
36.0,46,28,18,0.609,7.4,1.7,2.9,0.598,0.0,0.2,0.143,0.6,1.0,0.578,0.9,1.8,2.7,0.4,0.7,0.3,0.4,0.1,1.0,0.8,4.0,0.2,9.3,0,0,8.6,315,221,348,159,487,357,444,46,492,510,478,359,317,478,194,330,306,508,287,414,200,478,409,320,397,237,400,257,38,404
20.0,61,13,48,0.213,29.1,5.7,9.2,0.619,0.0,0.1,0.0,2.3,3.0,0.79,3.1,8.5,11.6,2.4,2.1,0.5,0.8,0.8,3.1,2.4,13.8,-5.1,33.2,44,0,30.4,206,377,31,507,113,85,141,32,498,524,498,91,89,238,10,7,5,164,60,292,73,82,9,90,111,531,67,8,38,77
26.0,69,19,50,0.275,22.1,4.3,8.9,0.484,0.8,2.6,0.32,1.8,2.3,0.753,1.7,3.7,5.4,2.8,1.9,0.5,0.8,0.6,3.0,2.2,11.2,-5.7,23.7,3,0,22.8,138,307,26,463,220,150,147,187,251,238,343,128,127,302,68,122,91,140,72,326,82,146,19,112,151,541,155,135,38,156
28.0,50,21,29,0.42,26.4,5.0,7.6,0.656,0.0,0.0,0.0,1.2,2.1,0.551,2.9,5.7,8.6,2.5,1.5,0.7,1.5,0.7,3.0,2.0,11.1,-0.3,30.3,20,0,26.7,291,289,179,370,161,119,195,19,498,541,498,195,137,486,13,42,25,156,113,209,14,90,20,128,152,284,84,31,38,112
23.0,1,1,0,1.0,4.3,1.0,3.0,0.333,0.0,1.0,0.0,0.0,0.0,0.0,0.0,0.0,0.0,0.0,0.0,0.0,0.0,0.0,0.0,0.0,2.0,-5.0,2.0,0,0,2.0,565,538,560,1,530,460,430,521,498,410,498,531,538,531,545,557,561,553,550,539,520,525,556,547,498,526,553,257,38,553
24.0,48,27,21,0.563,20.5,1.9,4.9,0.389,0.8,2.3,0.336,0.9,1.1,0.759,0.6,1.5,2.1,1.0,0.6,1.0,0.3,0.4,1.3,0.9,5.4,-1.0,12.6,0,0,11.8,306,231,312,243,239,341,301,470,271,268,296,260,273,291,321,381,373,363,330,95,287,248,327,297,322,340,333,257,38,335
27.0,20,14,6,0.7,3.0,0.4,0.9,0.412,0.1,0.3,0.4,0.3,0.4,0.75,0.2,0.8,0.9,0.5,0.1,0.1,0.1,0.1,0.3,0.3,1.1,-0.6,3.3,0,0,2.9,439,361,481,52,555,547,555,422,466,496,87,452,458,307,519,497,510,494,548,518,507,482,537,490,543,302,529,257,38,535
24.0,81,56,25,0.691,24.2,5.0,10.5,0.477,2.1,5.0,0.414,1.3,1.8,0.736,0.9,4.3,5.2,1.3,1.4,0.8,0.9,0.8,2.1,1.4,13.5,3.1,25.4,6,0,25.4,18,10,242,65,194,114,118,204,68,93,56,171,173,343,201,80,103,286,142,179,50,75,127,200,118,79,139,93,38,125
25.0,6,2,4,0.333,3.6,0.7,1.2,0.571,0.3,0.5,0.667,0.3,0.3,1.0,0.0,0.3,0.3,0.3,0.2,0.0,0.0,0.0,0.0,0.2,2.0,2.3,2.7,0,0,3.0,525,511,510,432,541,503,532,62,392,463,6,434,472,1,545,537,549,514,524,539,520,525,556,514,498,105,539,257,38,531
20.0,40,20,20,0.5,8.1,0.8,1.9,0.416,0.3,1.0,0.316,0.3,0.5,0.684,0.3,0.6,0.9,0.3,0.3,0.2,0.2,0.2,1.0,0.5,2.2,-0.1,4.6,0,0,4.5,349,297,321,300,476,494,495,414,404,425,350,441,436,404,444,515,510,520,488,484,374,423,409,432,488,263,508,257,38,508
24.0,5,3,2,0.6,2.7,0.0,0.8,0.0,0.0,0.6,0.0,0.0,0.0,0.0,0.0,0.0,0.0,0.0,0.0,0.2,0.2,0.2,0.0,0.0,0.0,0.8,1.2,0,0,0.8,536,489,535,170,560,561,556,561,498,457,498,531,538,531,545,557,561,553,550,467,354,387,556,547,563,182,561,257,38,566
24.0,1,0,1,0.0,3.5,0.0,1.0,0.0,0.0,0.0,0.0,2.0,2.0,1.0,2.0,0.0,2.0,2.0,0.0,1.0,0.0,1.0,0.0,1.0,2.0,4.0,10.4,0,0,8.0,565,560,546,560,543,561,542,561,498,541,498,107,154,1,51,557,377,197,550,80,520,34,556,275,498,52,373,257,38,423
24.0,68,28,40,0.412,29.2,5.7,13.1,0.434,2.5,6.4,0.395,3.1,3.6,0.853,0.3,3.6,3.8,4.9,1.5,0.7,0.1,0.7,1.8,2.8,17.0,-0.5,30.0,8,0,30.0,148,221,67,375,111,86,76,357,37,48,108,56,63,110,473,131,197,61,119,196,397,110,214,70,74,295,87,73,38,80
20.0,75,27,48,0.36,27.0,4.3,10.9,0.391,2.0,5.9,0.334,2.5,3.0,0.848,0.2,2.6,2.8,4.4,2.5,0.5,0.1,0.7,1.2,2.7,13.0,-5.0,22.2,1,0,23.3,76,231,31,418,147,152,112,465,81,59,301,82,88,119,499,230,300,71,37,331,465,105,353,79,122,525,174,190,38,143
20.0,21,10,11,0.476,5.2,0.5,2.1,0.222,0.1,0.7,0.133,0.6,1.0,0.6,0.1,0.5,0.6,0.4,0.4,0.1,0.1,0.2,0.6,0.5,1.6,-2.6,3.2,0,0,3.2,435,403,436,338,514,537,484,551,469,444,483,358,319,469,532,518,533,506,425,503,464,355,479,430,517,440,530,257,38,525
35.0,68,45,23,0.662,22.5,4.4,9.8,0.454,0.6,2.3,0.273,1.6,2.4,0.688,1.4,3.7,5.0,4.5,2.1,1.1,0.3,0.6,1.8,1.8,11.1,1.5,26.1,8,1,24.1,148,66,292,88,212,146,131,275,314,272,418,147,125,401,105,120,113,68,58,60,254,121,199,147,153,139,133,73,16,136
25.0,79,54,25,0.684,28.4,3.6,8.3,0.438,2.0,5.0,0.394,1.6,2.0,0.826,0.9,2.7,3.6,1.4,0.9,0.9,0.6,0.4,2.9,2.2,10.9,4.4,20.9,0,0,20.9,30,18,242,67,123,184,167,341,79,94,111,146,161,160,191,225,219,266,230,125,126,237,25,114,162,45,187,257,38,180
21.0,16,8,8,0.5,5.3,1.1,2.9,0.391,0.8,2.2,0.371,0.2,0.3,0.6,0.0,0.3,0.3,0.8,0.4,0.5,0.0,0.2,0.5,0.3,3.3,-0.4,5.7,0,0,6.1,461,423,456,300,511,452,442,466,259,280,188,485,480,469,545,546,556,419,422,314,520,408,497,490,440,289,488,257,38,472
26.0,25,3,22,0.12,12.3,0.5,1.1,0.429,0.0,0.0,0.0,0.4,0.5,0.75,1.2,1.4,2.6,0.4,0.6,0.2,0.6,0.1,2.6,0.8,1.3,-5.3,6.8,0,0,5.9,411,489,302,550,393,536,537,378,498,541,498,423,434,307,135,391,321,512,360,454,142,496,57,346,534,534,467,257,38,478
25.0,34,3,31,0.088,11.2,0.6,2.2,0.297,0.4,1.4,0.245,0.1,0.3,0.556,0.9,0.8,1.6,0.6,0.3,0.3,0.3,0.1,1.0,0.4,1.8,-2.4,6.1,0,0,5.5,375,489,149,555,416,508,480,539,389,364,441,495,489,483,209,495,426,449,483,439,283,446,407,466,508,430,479,257,38,487
23.0,71,11,60,0.155,19.0,3.1,7.2,0.428,1.3,3.4,0.375,0.8,0.9,0.879,0.2,1.6,1.8,3.3,1.3,0.6,0.2,0.3,1.5,1.0,8.3,-3.5,16.5,1,0,16.2,118,392,5,539,262,224,202,386,168,183,168,274,321,67,515,362,414,116,162,248,379,271,290,272,219,489,252,190,38,242
24.0,62,34,28,0.548,15.4,2.0,3.4,0.603,0.0,0.2,0.143,0.9,1.4,0.655,1.8,2.9,4.6,1.3,0.7,0.5,1.2,0.3,1.7,1.3,5.0,0.4,16.8,5,0,14.3,200,165,193,265,331,322,403,39,487,502,478,247,222,442,62,199,131,295,298,306,24,336,222,222,341,215,247,104,38,275
32.0,63,38,25,0.603,13.3,1.1,1.7,0.679,0.0,0.0,0.333,1.0,1.4,0.708,1.5,1.9,3.4,1.3,0.5,0.4,0.3,0.2,1.8,1.7,3.3,0.0,11.1,1,0,9.5,191,124,242,166,371,451,510,11,494,527,302,231,218,377,83,326,237,278,384,355,268,404,193,160,437,248,361,190,38,379
25.0,76,34,42,0.447,28.0,3.6,8.0,0.456,1.7,4.4,0.375,1.4,1.8,0.757,1.1,3.1,4.2,2.3,1.4,0.6,0.5,0.4,3.0,2.3,10.3,-3.2,20.6,2,0,20.6,61,165,49,358,129,186,178,268,113,124,168,165,171,295,142,171,162,172,131,268,159,250,21,105,171,476,192,157,38,184
23.0,55,23,32,0.418,25.5,4.1,6.6,0.611,0.4,1.3,0.333,1.7,2.1,0.793,2.6,4.2,6.8,1.3,0.8,0.5,1.1,0.5,2.9,1.7,10.2,-0.6,24.3,8,0,21.9,258,270,137,372,176,158,221,38,372,382,302,142,143,230,22,87,55,276,266,338,31,183,24,164,176,309,148,73,38,166
23.0,9,2,7,0.222,16.9,2.0,3.3,0.6,0.2,0.9,0.25,1.1,1.3,0.833,0.9,2.2,3.1,0.8,0.9,0.7,0.8,0.4,0.3,1.0,5.3,-3.7,13.7,0,0,12.3,498,511,464,502,299,326,409,43,424,431,431,207,232,135,204,284,272,416,244,223,72,199,522,275,327,491,310,257,38,323
21.0,80,56,24,0.7,18.6,2.6,5.6,0.465,0.6,1.9,0.296,0.9,1.3,0.67,0.7,2.5,3.2,1.1,0.7,0.5,1.1,0.4,1.8,1.0,6.7,-0.9,16.3,0,0,14.8,23,10,263,52,266,261,261,232,323,308,386,252,235,423,264,244,255,346,292,302,30,223,194,273,276,327,255,257,38,266
26.0,17,11,6,0.647,2.7,0.4,1.0,0.353,0.1,0.6,0.2,0.0,0.1,0.0,0.0,0.3,0.3,0.3,0.2,0.0,0.1,0.1,0.1,0.1,0.8,-0.6,1.6,0,0,1.6,453,392,481,103,559,546,542,510,458,459,460,531,520,531,545,545,554,526,523,539,498,509,553,539,550,306,557,257,38,559
25.0,57,30,27,0.526,13.0,1.7,3.5,0.49,0.4,1.1,0.391,0.6,0.9,0.68,1.4,2.8,4.2,0.7,0.7,0.4,1.1,0.2,1.8,0.9,4.4,-0.8,14.2,1,0,12.6,241,201,213,290,375,360,393,167,362,404,122,352,335,410,109,206,163,427,304,373,33,379,205,316,368,323,301,190,38,315
26.0,20,16,4,0.8,2.5,0.5,0.8,0.6,0.2,0.5,0.333,0.1,0.1,1.0,0.1,0.5,0.6,0.1,0.1,0.1,0.2,0.0,0.5,0.1,1.2,-0.5,2.7,0,0,2.5,439,343,510,18,565,539,557,43,444,473,302,510,523,1,529,529,535,551,548,518,394,525,511,544,539,291,542,257,38,544
27.0,81,50,31,0.617,29.1,5.5,12.4,0.443,3.5,8.7,0.401,1.1,1.4,0.754,0.8,2.9,3.7,2.7,1.4,1.3,0.4,0.4,2.0,1.5,15.5,2.0,27.8,0,0,28.9,18,28,149,147,112,96,86,316,4,7,84,217,221,300,235,194,210,149,139,24,197,232,146,184,89,116,112,257,38,91
22.0,51,20,31,0.392,20.3,2.9,7.4,0.397,1.1,3.7,0.307,1.2,1.5,0.827,0.7,2.8,3.5,1.5,1.3,0.7,0.2,0.5,1.7,1.5,8.2,-4.8,16.0,1,0,16.1,284,297,149,396,241,229,198,453,200,150,366,186,203,156,270,203,225,262,154,204,373,161,230,190,220,522,262,190,38,243
30.0,79,37,42,0.468,17.1,3.4,6.1,0.556,0.0,0.0,0.0,1.6,2.8,0.592,3.4,5.6,9.0,0.5,1.0,0.9,0.6,0.5,1.8,2.4,8.4,0.3,23.4,18,0,20.9,30,139,49,346,295,205,245,76,498,531,498,145,98,472,6,43,22,486,207,110,122,159,204,100,217,223,160,38,38,179
24.0,1,1,0,1.0,2.7,0.0,1.0,0.0,0.0,0.0,0.0,0.0,0.0,0.0,0.0,0.0,0.0,0.0,0.0,0.0,0.0,0.0,0.0,0.0,0.0,1.0,0.0,0,0,0.0,565,538,560,1,562,561,542,561,498,541,498,531,538,531,545,557,561,553,550,539,520,525,556,547,563,170,568,257,38,568
28.0,50,28,22,0.56,17.4,2.5,5.3,0.466,0.7,2.3,0.307,1.3,1.9,0.702,0.8,4.3,5.1,1.0,1.0,0.3,0.7,0.2,1.4,1.6,6.9,0.1,16.4,2,0,15.7,291,221,302,250,284,282,281,229,295,269,365,176,168,385,234,81,111,377,211,408,102,353,295,175,260,246,253,157,38,248
35.0,36,24,12,0.667,11.0,1.6,2.6,0.624,0.0,0.0,0.0,0.7,1.5,0.491,1.5,2.9,4.4,0.7,0.6,0.2,0.4,0.3,1.6,1.3,3.9,-2.4,11.5,1,0,10.3,370,257,422,76,421,376,456,31,498,541,498,309,202,516,86,198,147,426,334,489,197,299,260,204,407,434,354,190,38,365
23.0,54,32,22,0.593,5.1,0.6,1.5,0.415,0.4,1.0,0.385,0.1,0.2,0.556,0.2,0.6,0.8,0.3,0.1,0.2,0.1,0.1,0.5,0.2,1.7,-0.8,3.8,0,0,3.7,271,183,302,183,516,513,518,416,384,424,140,515,510,483,508,512,520,529,545,479,486,474,505,496,510,324,520,257,38,516
20.0,46,24,22,0.522,19.5,2.8,6.1,0.452,1.4,3.5,0.399,0.7,1.0,0.702,0.5,3.6,4.2,2.0,0.9,0.5,0.3,0.2,1.8,1.1,7.7,3.2,17.2,0,0,16.9,315,257,302,294,258,244,244,287,149,171,94,313,293,385,331,125,164,204,235,288,280,424,198,252,237,69,240,257,38,229
24.0,69,40,29,0.58,32.2,7.2,15.2,0.477,2.8,7.8,0.364,2.8,3.3,0.855,0.5,3.4,3.9,10.9,2.3,1.2,0.7,0.8,1.1,2.4,20.1,4.3,44.6,44,1,41.6,138,110,179,209,70,55,56,203,24,21,212,65,75,107,344,145,183,1,47,41,91,65,393,97,48,50,16,8,16,23
31.0,43,20,23,0.465,15.7,2.1,5.4,0.393,1.8,4.7,0.38,0.7,0.8,0.909,0.2,1.2,1.4,0.8,0.4,0.6,0.3,0.2,1.3,0.6,6.7,-1.7,11.9,0,0,12.5,330,297,292,350,325,315,271,461,105,113,154,320,357,43,497,430,455,408,428,251,297,413,336,396,274,386,347,257,38,318
